場名,日付,レース,着順,艇番,登番,選手名,モーター,ボート,展示タイム,進入,ST,レースタイム,決まり手,ミッドナイト
福岡,2025/11/02,1,01,1,4928,栗城匠,44,110,6.85,1,0.22,1.49.4,逃げ,
福岡,2025/11/02,1,02,5,4110,小澤和也,49,145,6.82,5,0.24,1.50.6,逃げ,
福岡,2025/11/02,1,03,6,5325,澁川夏,14,127,6.82,6,0.18,1.51.8,逃げ,
福岡,2025/11/02,1,04,3,4694,高田綾,33,171,6.96,3,0.26,1.53.5,逃げ,
福岡,2025/11/02,1,05,2,3929,杢野誓良,18,125,6.87,2,0.24,.,逃げ,
福岡,2025/11/02,1,06,4,3642,大塚浩二,25,131,6.94,4,0.33,.,逃げ,
福岡,2025/11/02,2,01,1,3436,柏野幸二,30,173,6.79,1,0.04,1.50.6,逃げ,
福岡,2025/11/02,2,02,2,5223,森清友翔,73,162,6.83,2,0.08,1.51.6,逃げ,
福岡,2025/11/02,2,03,3,4230,濱崎直矢,69,126,6.84,3,0.08,1.53.3,逃げ,
福岡,2025/11/02,2,04,4,3224,栗山繁洋,31,152,6.87,4,0.23,1.54.3,逃げ,
福岡,2025/11/02,2,05,5,4202,浮田圭浩,16,156,6.86,5,0.25,.,逃げ,
福岡,2025/11/02,2,06,6,5401,谷海夏人,27,101,6.85,6,0.21,.,逃げ,
福岡,2025/11/02,3,01,1,4495,森晋太郎,22,105,6.91,1,0.10,1.51.0,逃げ,
福岡,2025/11/02,3,02,3,4704,河野大,11,129,6.92,3,0.12,1.51.6,逃げ,
福岡,2025/11/02,3,03,2,4248,岡本大,59,139,6.97,2,0.12,1.54.2,逃げ,
福岡,2025/11/02,3,04,5,4693,松下誉士,60,123,6.89,5,0.13,1.55.1,逃げ,
福岡,2025/11/02,3,05,4,3892,草場康幸,26,117,6.95,4,0.13,.,逃げ,
福岡,2025/11/02,3,06,6,5370,日隈茜,29,159,6.85,6,0.13,.,逃げ,
福岡,2025/11/02,4,01,1,4558,宮野仁,75,118,6.90,1,0.19,1.51.1,抜き,
福岡,2025/11/02,4,02,4,3075,中村裕将,74,164,7.00,4,0.10,1.52.4,抜き,
福岡,2025/11/02,4,03,2,3882,新田智彰,38,120,6.94,2,0.15,1.53.0,抜き,
福岡,2025/11/02,4,04,5,4688,永井彪也,23,121,6.95,5,0.09,1.54.0,抜き,
福岡,2025/11/02,4,05,3,5079,大石真央,21,149,6.95,3,0.09,.,抜き,
福岡,2025/11/02,4,06,6,5367,赤松咲香,52,122,6.91,6,0.13,.,抜き,
福岡,2025/11/02,5,01,2,4650,中山雄太,67,158,6.84,2,0.14,1.49.8,差し,
福岡,2025/11/02,5,02,1,3503,堂原洋史,64,155,6.92,1,0.06,1.52.0,差し,
福岡,2025/11/02,5,03,3,3867,松浦勝,42,134,6.85,3,0.23,1.53.2,差し,
福岡,2025/11/02,5,04,5,4513,河野真也,61,141,6.86,5,0.27,1.54.6,差し,
福岡,2025/11/02,5,05,4,5325,澁川夏,14,127,6.86,4,0.27,.,差し,
福岡,2025/11/02,5,06,6,4882,瀧川千依,12,138,6.84,6,0.43,.,差し,
福岡,2025/11/02,6,01,1,4522,古澤光紀,41,170,6.83,1,0.00,1.50.8,逃げ,
福岡,2025/11/02,6,02,4,3930,岸本隆,37,169,6.88,4,0.01,1.51.8,逃げ,
福岡,2025/11/02,6,03,5,3968,茶谷信次,65,151,6.94,5,0.11,1.53.3,逃げ,
福岡,2025/11/02,6,04,2,3224,栗山繁洋,31,152,6.93,2,0.06,1.53.3,逃げ,
福岡,2025/11/02,6,05,3,4110,小澤和也,49,145,6.86,3,0.04,.,逃げ,
福岡,2025/11/02,6,06,6,4694,高田綾,33,171,6.96,6,0.11,.,逃げ,
福岡,2025/11/02,7,01,1,4345,西舘健,13,130,6.99,1,0.09,1.50.8,逃げ,
福岡,2025/11/02,7,02,2,4850,野中一平,63,108,6.92,2,0.12,1.51.8,逃げ,
福岡,2025/11/02,7,03,4,4693,松下誉士,60,123,6.89,4,0.19,1.53.6,逃げ,
福岡,2025/11/02,7,04,6,5413,宮城那菜,48,113,6.89,6,0.12,1.54.7,逃げ,
福岡,2025/11/02,7,05,3,4202,浮田圭浩,16,156,6.92,3,0.19,.,逃げ,
福岡,2025/11/02,7,06,5,3929,杢野誓良,18,125,6.95,5,0.16,.,逃げ,
福岡,2025/11/02,8,01,1,4027,松江秀徳,20,160,6.91,1,0.19,1.53.5,逃げ,
福岡,2025/11/02,8,02,4,4230,濱崎直矢,69,126,6.91,4,0.19,1.54.9,逃げ,
福岡,2025/11/02,8,03,2,3892,草場康幸,26,117,6.96,2,0.17,1.56.5,逃げ,
福岡,2025/11/02,8,04,3,3642,大塚浩二,25,131,6.93,3,0.16,1.58.0,逃げ,
福岡,2025/11/02,8,05,5,4248,岡本大,59,139,7.00,5,0.21,.,逃げ,
福岡,2025/11/02,8,S1,6,5079,大石真央,21,149,6.94,6,0.19,.,逃げ,
福岡,2025/11/02,9,01,1,4688,永井彪也,23,121,6.90,1,0.12,1.50.5,逃げ,
福岡,2025/11/02,9,02,3,4928,栗城匠,44,110,6.92,3,0.11,1.51.8,逃げ,
福岡,2025/11/02,9,03,2,4271,川崎公靖,56,111,6.89,2,0.18,1.53.6,逃げ,
福岡,2025/11/02,9,04,4,3503,堂原洋史,64,155,6.97,4,0.16,1.55.1,逃げ,
福岡,2025/11/02,9,05,6,4581,吉村誠,32,163,6.92,6,0.15,.,逃げ,
福岡,2025/11/02,9,06,5,4422,永井亮次,43,143,6.99,5,0.16,.,逃げ,
福岡,2025/11/02,10,01,1,3968,茶谷信次,65,151,6.88,1,0.15,1.49.7,逃げ,
福岡,2025/11/02,10,02,4,4704,河野大,11,129,6.95,4,0.10,1.51.3,逃げ,
福岡,2025/11/02,10,03,5,4650,中山雄太,67,158,6.86,5,0.15,1.53.2,逃げ,
福岡,2025/11/02,10,04,3,3930,岸本隆,37,169,6.97,3,0.15,1.54.6,逃げ,
福岡,2025/11/02,10,05,6,5223,森清友翔,73,162,6.89,6,0.17,.,逃げ,
福岡,2025/11/02,10,06,2,3075,中村裕将,74,164,6.98,2,0.12,.,逃げ,
福岡,2025/11/02,11,01,1,4513,河野真也,61,141,6.91,1,0.09,1.50.0,逃げ,
福岡,2025/11/02,11,02,2,3436,柏野幸二,30,173,6.92,2,0.11,1.51.6,逃げ,
福岡,2025/11/02,11,03,5,4850,野中一平,63,108,7.02,5,0.06,1.52.7,逃げ,
福岡,2025/11/02,11,04,3,4495,森晋太郎,22,105,6.96,3,0.06,1.54.7,逃げ,
福岡,2025/11/02,11,05,6,4522,古澤光紀,41,170,6.91,6,0.13,.,逃げ,
福岡,2025/11/02,11,06,4,3882,新田智彰,38,120,6.99,4,0.12,.,逃げ,
福岡,2025/11/02,12,01,1,4743,木村仁紀,40,115,6.91,1,0.17,1.49.7,逃げ,
福岡,2025/11/02,12,02,2,3327,野長瀬正孝,50,112,6.92,2,0.18,1.51.6,逃げ,
福岡,2025/11/02,12,03,5,4631,新井英孝,70,109,6.93,6,0.17,1.52.6,逃げ,
福岡,2025/11/02,12,04,4,4314,青木幸太郎,68,119,7.00,5,0.13,1.53.2,逃げ,
福岡,2025/11/02,12,05,3,4059,入澤友治,58,137,6.95,3,0.16,.,逃げ,
福岡,2025/11/02,12,06,6,4594,谷川祐一,55,106,6.95,4,0.14,.,逃げ,
芦屋,2025/11/02,1,01,1,4189,川上剛,57,116,6.85,1,0.23,1.49.3,逃げ,
芦屋,2025/11/02,1,02,2,3226,浦田信義,37,169,6.87,2,0.25,1.51.0,逃げ,
芦屋,2025/11/02,1,03,3,4724,吉田祐貴,45,136,6.80,3,0.24,1.52.0,逃げ,
芦屋,2025/11/02,1,04,4,5307,富永夏哉人,58,164,6.84,4,0.21,1.53.2,逃げ,
芦屋,2025/11/02,1,05,6,5105,富田恕生,7,124,6.84,6,0.20,.,逃げ,
芦屋,2025/11/02,1,06,5,4010,越智照浩,19,165,6.85,5,0.21,.,逃げ,
芦屋,2025/11/02,2,01,5,5330,安河内鈴之介,55,156,6.77,6,0.16,1.48.8,まくり差し,
芦屋,2025/11/02,2,02,2,3523,寳田亮治,25,146,6.88,3,0.22,1.50.0,まくり差し,
芦屋,2025/11/02,2,03,3,5219,森口和紀,8,140,6.77,4,0.36,1.51.5,まくり差し,
芦屋,2025/11/02,2,04,4,4771,下寺秀和,56,132,6.89,5,0.21,1.52.0,まくり差し,
芦屋,2025/11/02,2,05,1,3951,石川吉鎬,52,122,6.85,1,0.19,.,まくり差し,
芦屋,2025/11/02,2,06,6,3687,花田和明,35,134,6.84,2,0.20,.,まくり差し,
芦屋,2025/11/02,3,01,4,4656,大崎翔,30,148,6.86,4,0.14,1.48.5,まくり差し,
芦屋,2025/11/02,3,02,5,4430,永田秀二,24,161,6.89,5,0.15,1.49.9,まくり差し,
芦屋,2025/11/02,3,03,1,4409,坂元浩仁,47,117,6.84,1,0.12,1.50.3,まくり差し,
芦屋,2025/11/02,3,04,3,4311,岡村仁,9,133,6.80,3,0.12,1.51.7,まくり差し,
芦屋,2025/11/02,3,05,6,5035,櫻井優,43,138,6.81,6,0.17,.,まくり差し,
芦屋,2025/11/02,3,06,2,4425,大井清貴,53,163,6.88,2,0.18,.,まくり差し,
芦屋,2025/11/02,4,01,5,4449,中嶋達也,28,144,6.76,5,0.19,1.48.7,まくり,
芦屋,2025/11/02,4,02,1,4174,赤坂俊輔,36,142,6.86,1,0.14,1.50.7,まくり,
芦屋,2025/11/02,4,03,4,3853,岩崎正哉,33,150,6.81,4,0.26,1.52.2,まくり,
芦屋,2025/11/02,4,04,2,3572,安田政彦,16,135,6.87,2,0.24,1.53.2,まくり,
芦屋,2025/11/02,4,05,3,4226,村田浩司,48,119,6.76,3,0.23,.,まくり,
芦屋,2025/11/02,4,06,6,5429,吉川颯汰,3,114,6.87,6,0.37,.,まくり,
芦屋,2025/11/02,5,01,2,3974,深山祐二,2,112,6.84,2,0.11,1.49.3,差し,
芦屋,2025/11/02,5,02,1,4451,松崎祐太郎,14,151,6.88,1,0.06,1.50.7,差し,
芦屋,2025/11/02,5,03,3,3837,秋山広一,20,160,6.93,3,0.11,1.52.1,差し,
芦屋,2025/11/02,5,04,5,4099,吉永則雄,21,128,6.86,5,0.11,1.53.0,差し,
芦屋,2025/11/02,5,05,4,3563,堤昇,11,127,6.88,4,0.14,.,差し,
芦屋,2025/11/02,5,06,6,3888,山本英志,31,139,6.84,6,0.14,.,差し,
芦屋,2025/11/02,6,01,1,4365,盛本真輔,17,168,6.76,1,0.11,1.49.3,逃げ,
芦屋,2025/11/02,6,02,2,4040,廣瀬将亨,32,158,6.79,2,0.13,1.50.5,逃げ,
芦屋,2025/11/02,6,03,3,5307,富永夏哉人,58,164,6.82,3,0.13,1.51.7,逃げ,
芦屋,2025/11/02,6,04,6,4428,有賀達也,18,129,6.75,6,0.09,1.51.9,逃げ,
芦屋,2025/11/02,6,05,5,4239,竹田辰也,5,131,6.85,5,0.08,.,逃げ,
芦屋,2025/11/02,6,06,4,3523,寳田亮治,25,146,6.86,4,0.12,.,逃げ,
芦屋,2025/11/02,7,01,1,5330,安河内鈴之介,55,156,6.74,1,0.07,1.48.9,逃げ,
芦屋,2025/11/02,7,02,4,4705,吉川勇作,1,118,6.86,4,0.19,1.50.7,逃げ,
芦屋,2025/11/02,7,03,2,5014,梶山涼斗,51,170,6.80,2,0.04,1.51.4,逃げ,
芦屋,2025/11/02,7,04,3,4010,越智照浩,19,165,6.85,3,0.09,1.52.5,逃げ,
芦屋,2025/11/02,7,05,5,4656,大崎翔,30,148,6.88,5,0.32,.,逃げ,
芦屋,2025/11/02,7,06,6,5426,甲斐貴大,10,126,6.88,6,0.40,.,逃げ,
芦屋,2025/11/02,8,01,2,4109,谷津幸宏,50,153,6.91,2,0.11,1.48.8,まくり,
芦屋,2025/11/02,8,02,6,4506,稗田聖也,40,137,6.81,5,0.20,1.49.5,まくり,
芦屋,2025/11/02,8,03,4,4425,大井清貴,53,163,6.89,4,0.16,1.50.5,まくり,
芦屋,2025/11/02,8,04,3,5105,富田恕生,7,124,6.83,3,0.17,1.52.1,まくり,
芦屋,2025/11/02,8,05,1,4782,浜崎準也,22,162,6.79,1,0.23,.,まくり,
芦屋,2025/11/02,8,06,5,5429,吉川颯汰,3,114,6.92,6,0.24,.,まくり,
芦屋,2025/11/02,9,01,1,3838,伊藤啓三,49,159,6.88,1,0.04,1.49.4,逃げ,
芦屋,2025/11/02,9,02,3,4430,永田秀二,24,161,6.85,3,0.08,1.51.1,逃げ,
芦屋,2025/11/02,9,03,6,4441,末永由楽,23,166,6.87,6,0.09,1.52.2,逃げ,
芦屋,2025/11/02,9,04,5,3226,浦田信義,37,169,6.89,5,0.05,1.53.6,逃げ,
芦屋,2025/11/02,9,05,2,3687,花田和明,35,134,6.81,2,0.05,.,逃げ,
芦屋,2025/11/02,9,06,4,3974,深山祐二,2,112,6.80,4,0.03,.,逃げ,
芦屋,2025/11/02,10,01,1,4771,下寺秀和,56,132,6.92,1,0.13,1.49.3,逃げ,
芦屋,2025/11/02,10,02,5,4226,村田浩司,48,119,6.84,5,0.12,1.50.6,逃げ,
芦屋,2025/11/02,10,03,3,4793,金子萌,27,167,6.89,3,0.10,1.52.0,逃げ,
芦屋,2025/11/02,10,04,2,3563,堤昇,11,127,6.91,2,0.12,1.52.7,逃げ,
芦屋,2025/11/02,10,05,6,4040,廣瀬将亨,32,158,6.82,6,0.11,.,逃げ,
芦屋,2025/11/02,10,06,4,4724,吉田祐貴,45,136,6.85,4,0.34,.,逃げ,
芦屋,2025/11/02,11,01,3,4189,川上剛,57,116,6.86,3,0.19,1.49.6,差し,
芦屋,2025/11/02,11,02,4,4409,坂元浩仁,47,117,6.86,4,0.09,1.50.3,差し,
芦屋,2025/11/02,11,03,1,4099,吉永則雄,21,128,6.86,1,0.18,1.52.2,差し,
芦屋,2025/11/02,11,04,2,5219,森口和紀,8,140,6.79,2,0.19,1.53.0,差し,
芦屋,2025/11/02,11,05,6,4239,竹田辰也,5,131,6.86,6,0.16,.,差し,
芦屋,2025/11/02,11,06,5,4705,吉川勇作,1,118,6.79,5,0.08,.,差し,
芦屋,2025/11/02,12,01,1,4311,岡村仁,9,133,6.82,1,0.11,1.49.0,逃げ,
芦屋,2025/11/02,12,02,2,3951,石川吉鎬,52,122,6.97,2,0.16,1.50.2,逃げ,
芦屋,2025/11/02,12,03,3,3572,安田政彦,16,135,6.95,3,0.14,1.52.9,逃げ,
芦屋,2025/11/02,12,04,6,3837,秋山広一,20,160,6.90,6,0.11,1.53.8,逃げ,
芦屋,2025/11/02,12,05,4,4428,有賀達也,18,129,6.85,4,0.05,.,逃げ,
芦屋,2025/11/02,12,06,5,4109,谷津幸宏,50,153,6.94,5,0.07,.,逃げ,
若松,2025/11/02,1,01,6,3072,西田靖,56,70,6.83,1,0.04,1.52.5,逃げ,
若松,2025/11/02,1,02,2,4258,関根彰人,7,51,6.75,3,0.07,1.53.5,逃げ,
若松,2025/11/02,1,03,3,3889,須藤隆雄,43,34,6.76,4,0.06,1.55.0,逃げ,
若松,2025/11/02,1,04,5,3967,鈴木茂高,28,36,6.81,6,0.13,1.55.8,逃げ,
若松,2025/11/02,1,05,1,3748,小黒竜吾,61,28,6.73,2,0.02,.,逃げ,
若松,2025/11/02,1,06,4,3663,木山和幸,58,14,6.76,5,0.09,.,逃げ,
若松,2025/11/02,2,01,3,3623,深川真二,59,53,6.77,3,0.11,1.51.0,まくり,
若松,2025/11/02,2,02,5,4979,中野夢斗,55,54,6.77,4,0.08,1.51.8,まくり,
若松,2025/11/02,2,03,6,4509,平見真彦,5,11,6.82,5,0.13,1.53.1,まくり,
若松,2025/11/02,2,04,1,5036,福田翔吾,1,67,6.71,1,0.17,1.54.5,まくり,
若松,2025/11/02,2,05,2,3953,志道吉和,35,41,6.75,2,0.16,.,まくり,
若松,2025/11/02,2,06,4,5363,山本凱立,38,60,6.73,6,0.14,.,まくり,
若松,2025/11/02,3,01,6,4073,大橋純一郎,25,42,6.77,6,0.24,1.51.0,まくり差し,
若松,2025/11/02,3,02,5,4496,内堀学,51,17,6.68,5,0.19,1.52.9,まくり差し,
若松,2025/11/02,3,03,2,4514,上條嘉嗣,57,48,6.65,2,0.24,1.53.9,まくり差し,
若松,2025/11/02,3,04,3,4681,太田潮,3,56,6.73,3,0.28,1.54.0,まくり差し,
若松,2025/11/02,3,05,4,5382,山下心一,54,23,6.75,4,0.24,.,まくり差し,
若松,2025/11/02,3,06,1,4390,松本弓雄,53,24,6.71,1,0.31,.,まくり差し,
若松,2025/11/02,4,01,3,5028,原田才一郎,11,39,6.64,3,0.22,1.59.1,まくり差し,
若松,2025/11/02,4,02,1,3820,樫葉次郎,37,52,6.75,1,0.18,2.01.7,まくり差し,
若松,2025/11/02,4,03,4,4376,藤田靖弘,24,40,6.74,4,0.23,2.07.4,まくり差し,
若松,2025/11/02,4,04,5,4156,浜野孝志,49,69,6.75,5,0.21,2.22.0,まくり差し,
若松,2025/11/02,4,S0,2,5086,本村大,32,73,6.69,2,0.27,.,まくり差し,
若松,2025/11/02,4,S1,6,3286,坂東満,41,62,6.74,6,0.21,.,まくり差し,
若松,2025/11/02,5,01,1,4352,下條雄太郎,27,58,6.71,1,0.16,1.51.1,逃げ,
若松,2025/11/02,5,02,3,4054,福嶋智之,20,12,6.75,3,0.15,1.52.2,逃げ,
若松,2025/11/02,5,03,5,4637,中田友也,44,22,6.76,5,0.12,1.53.6,逃げ,
若松,2025/11/02,5,04,2,4674,池田剛規,29,59,6.76,2,0.16,1.54.5,逃げ,
若松,2025/11/02,5,05,6,5234,塚越海斗,23,44,6.68,6,0.11,.,逃げ,
若松,2025/11/02,5,06,4,5278,田中駿兵,36,74,6.69,4,0.19,.,逃げ,
若松,2025/11/02,6,01,1,4273,佐藤旭,15,16,6.75,1,0.22,1.50.3,逃げ,
若松,2025/11/02,6,02,4,4261,岡祐臣,4,57,6.74,3,0.21,1.51.6,逃げ,
若松,2025/11/02,6,03,5,5060,数原魁,18,49,6.69,4,0.24,1.53.3,逃げ,
若松,2025/11/02,6,04,6,4895,門間雄大,14,27,6.70,5,0.21,1.55.4,逃げ,
若松,2025/11/02,6,05,3,5369,岡崎凪汰,30,29,6.66,2,0.26,.,逃げ,
若松,2025/11/02,6,K0,2,4025,山本隆幸,39,21,K,.,K,.,逃げ,
若松,2025/11/02,7,01,1,4161,黒柳浩孝,45,38,6.66,1,0.13,1.51.2,逃げ,
若松,2025/11/02,7,02,2,4051,清水敦揮,17,43,6.79,2,0.14,1.51.7,逃げ,
若松,2025/11/02,7,03,4,4103,山崎善庸,6,19,6.78,4,0.17,1.53.2,逃げ,
若松,2025/11/02,7,04,5,4395,下河雅史,34,66,6.76,5,0.17,1.54.1,逃げ,
若松,2025/11/02,7,05,3,3967,鈴木茂高,28,36,6.85,3,0.18,.,逃げ,
若松,2025/11/02,7,06,6,5363,山本凱立,38,60,6.77,6,0.12,.,逃げ,
若松,2025/11/02,8,01,1,3623,深川真二,59,53,6.75,1,0.16,1.51.0,逃げ,
若松,2025/11/02,8,02,2,4294,古賀繁輝,21,72,6.80,2,0.18,1.52.4,逃げ,
若松,2025/11/02,8,03,3,4533,峰重侑治,40,37,6.72,3,0.19,1.53.4,逃げ,
若松,2025/11/02,8,04,5,3748,小黒竜吾,61,28,6.77,5,0.17,1.54.9,逃げ,
若松,2025/11/02,8,05,4,5138,村本大成,16,15,6.79,4,0.19,.,逃げ,
若松,2025/11/02,8,06,6,5382,山下心一,54,23,6.74,6,0.21,.,逃げ,
若松,2025/11/02,9,01,2,4747,山戸信二,26,18,6.74,2,0.15,1.50.9,差し,
若松,2025/11/02,9,02,1,4156,浜野孝志,49,13,6.74,1,0.14,1.51.8,差し,
若松,2025/11/02,9,03,5,3952,中澤和志,10,61,6.73,5,0.11,1.53.2,差し,
若松,2025/11/02,9,04,6,3722,西村秀樹,12,68,6.68,6,0.17,1.54.1,差し,
若松,2025/11/02,9,05,4,4496,内堀学,51,17,6.69,4,0.14,.,差し,
若松,2025/11/02,9,06,3,5036,福田翔吾,1,67,6.71,3,0.18,.,差し,
若松,2025/11/02,10,01,1,4718,北川太一,48,65,6.74,1,0.19,1.48.9,逃げ,
若松,2025/11/02,10,02,3,3663,木山和幸,58,14,6.76,3,0.18,1.50.2,逃げ,
若松,2025/11/02,10,03,5,5028,原田才一郎,11,39,6.62,5,0.16,1.51.4,逃げ,
若松,2025/11/02,10,04,4,4637,中田友也,44,22,6.74,4,0.14,1.52.9,逃げ,
若松,2025/11/02,10,05,2,4509,平見真彦,5,11,6.74,2,0.16,.,逃げ,
若松,2025/11/02,10,06,6,4681,太田潮,3,56,6.73,6,0.19,.,逃げ,
若松,2025/11/02,11,01,1,4514,上條嘉嗣,57,48,6.64,1,0.14,1.47.8,逃げ,
若松,2025/11/02,11,02,2,5234,塚越海斗,23,44,6.64,2,0.13,1.50.0,逃げ,
若松,2025/11/02,11,03,3,4979,中野夢斗,55,54,6.76,3,0.15,1.50.9,逃げ,
若松,2025/11/02,11,04,6,4258,関根彰人,7,51,6.76,5,0.17,1.52.2,逃げ,
若松,2025/11/02,11,05,5,4376,藤田靖弘,24,40,6.76,4,0.16,.,逃げ,
若松,2025/11/02,11,K0,4,4025,山本隆幸,39,21,K,.,K,.,逃げ,
若松,2025/11/02,12,01,6,5278,田中駿兵,36,74,6.68,5,0.14,1.48.1,まくり差し,
若松,2025/11/02,12,02,2,5060,数原魁,18,49,6.70,2,0.15,1.50.1,まくり差し,
若松,2025/11/02,12,03,4,4073,大橋純一郎,25,42,6.75,3,0.14,1.51.5,まくり差し,
若松,2025/11/02,12,04,1,4051,清水敦揮,17,43,6.75,1,0.15,1.53.1,まくり差し,
若松,2025/11/02,12,05,5,3889,須藤隆雄,43,34,6.83,4,0.22,.,まくり差し,
若松,2025/11/02,12,K1,3,3286,坂東満,41,62,K,.,K,.,まくり差し,
下関,2025/11/02,1,01,1,4083,福島勇樹,13,51,6.68,1,0.10,1.50.1,逃げ,
下関,2025/11/02,1,02,2,4308,河村了,53,15,6.69,2,0.18,1.51.7,逃げ,
下関,2025/11/02,1,03,5,4292,麻生慎介,46,13,6.80,5,0.14,1.53.3,逃げ,
下関,2025/11/02,1,04,3,3251,平石和男,32,22,6.75,3,0.15,1.55.2,逃げ,
下関,2025/11/02,1,05,6,4824,松井洪弥,39,48,6.74,6,0.17,.,逃げ,
下関,2025/11/02,1,06,4,5096,上原崚,27,70,6.79,4,0.13,.,逃げ,
下関,2025/11/02,2,01,1,4812,西野雄貴,48,59,6.73,1,0.12,1.50.7,逃げ,
下関,2025/11/02,2,02,4,4736,高倉和士,63,55,6.70,4,0.22,1.51.8,逃げ,
下関,2025/11/02,2,03,5,4797,中山将,35,33,6.72,5,0.22,1.52.3,逃げ,
下関,2025/11/02,2,04,2,3711,江本真治,11,39,6.77,2,0.16,1.54.2,逃げ,
下関,2025/11/02,2,05,6,4009,小林一樹,14,30,6.74,6,0.18,.,逃げ,
下関,2025/11/02,2,06,3,4030,森高一真,24,32,6.76,3,0.23,.,逃げ,
下関,2025/11/02,3,01,6,3854,吉川元浩,65,36,6.74,3,0.25,1.51.4,まくり差し,
下関,2025/11/02,3,02,3,4624,高田明,58,69,6.69,4,0.28,1.53.0,まくり差し,
下関,2025/11/02,3,03,1,4074,柳沢一,56,21,6.67,1,0.21,1.54.3,まくり差し,
下関,2025/11/02,3,04,4,4953,尾上雅也,60,23,6.74,5,0.31,1.54.4,まくり差し,
下関,2025/11/02,3,05,5,5303,土井歩夢,18,62,6.68,6,0.26,.,まくり差し,
下関,2025/11/02,3,06,2,4861,田中宏樹,66,19,6.77,2,0.34,.,まくり差し,
下関,2025/11/02,4,01,2,4977,馬野耀,34,68,6.69,2,0.16,1.48.6,差し,
下関,2025/11/02,4,02,1,4459,片岡雅裕,26,52,6.69,1,0.08,1.50.6,差し,
下関,2025/11/02,4,03,6,4682,大上卓人,23,43,6.74,4,0.28,1.51.7,差し,
下関,2025/11/02,4,04,5,4645,上村純一,62,63,6.66,6,0.22,1.52.7,差し,
下関,2025/11/02,4,05,4,5257,西丸侑太朗,40,40,6.63,5,0.21,.,差し,
下関,2025/11/02,4,06,3,4064,原田篤志,37,49,6.67,3,0.21,.,差し,
下関,2025/11/02,5,01,1,4264,長尾章平,51,11,6.71,1,0.22,1.49.4,逃げ,
下関,2025/11/02,5,02,5,4584,村岡賢人,55,73,6.67,5,0.12,1.51.1,逃げ,
下関,2025/11/02,5,03,4,4296,岡崎恭裕,64,31,6.67,4,0.15,1.53.0,逃げ,
下関,2025/11/02,5,04,2,4505,島田賢人,45,35,6.74,2,0.18,1.56.0,逃げ,
下関,2025/11/02,5,05,6,4847,佐藤隆太郎,28,34,6.75,6,0.15,.,逃げ,
下関,2025/11/02,5,S1,3,5158,宮脇遼太,36,12,6.66,3,0.14,.,逃げ,
下関,2025/11/02,6,01,3,3826,村田修次,73,27,6.73,3,0.15,1.49.9,まくり差し,
下関,2025/11/02,6,02,5,4350,篠崎元志,42,61,6.77,5,0.21,1.50.4,まくり差し,
下関,2025/11/02,6,03,1,4715,村上遼,59,28,6.72,1,0.26,1.51.7,まくり差し,
下関,2025/11/02,6,04,6,4816,村松修二,30,37,6.85,6,0.23,1.53.6,まくり差し,
下関,2025/11/02,6,05,2,4292,麻生慎介,46,13,6.76,2,0.17,.,まくり差し,
下関,2025/11/02,6,06,4,5145,島川海輝,47,25,6.69,4,0.18,.,まくり差し,
下関,2025/11/02,7,01,1,4832,権藤俊光,19,24,6.70,1,0.07,1.49.7,逃げ,
下関,2025/11/02,7,02,3,4308,河村了,53,15,6.76,3,0.15,1.50.8,逃げ,
下関,2025/11/02,7,03,2,3251,平石和男,32,22,6.80,2,0.17,1.52.4,逃げ,
下関,2025/11/02,7,04,4,4794,和田拓也,72,50,6.71,4,0.14,1.52.6,逃げ,
下関,2025/11/02,7,05,6,4736,高倉和士,63,55,6.78,6,0.15,.,逃げ,
下関,2025/11/02,7,06,5,4861,田中宏樹,66,19,6.81,5,0.16,.,逃げ,
下関,2025/11/02,8,01,1,4980,佐々木完太,54,65,6.69,1,0.01,1.49.4,逃げ,
下関,2025/11/02,8,02,4,5064,品川二千翔,31,46,6.74,4,0.09,1.50.5,逃げ,
下関,2025/11/02,8,03,2,5303,土井歩夢,18,62,6.77,2,0.08,1.50.9,逃げ,
下関,2025/11/02,8,04,6,4967,中村魁生,43,17,6.76,6,0.13,1.51.3,逃げ,
下関,2025/11/02,8,05,5,5224,西岡顕心,44,14,6.75,5,0.10,.,逃げ,
下関,2025/11/02,8,06,3,4122,安東幸治,20,38,6.81,3,0.12,.,逃げ,
下関,2025/11/02,9,01,4,5058,前原大道,16,44,6.77,4,0.10,1.47.5,まくり差し,
下関,2025/11/02,9,02,1,5142,常住蓮,70,45,6.74,1,0.05,1.49.5,まくり差し,
下関,2025/11/02,9,03,6,4064,原田篤志,37,49,6.79,6,0.16,1.51.5,まくり差し,
下関,2025/11/02,9,04,5,4505,島田賢人,45,35,6.76,5,0.14,1.52.8,まくり差し,
下関,2025/11/02,9,05,3,5257,西丸侑太朗,40,40,6.76,3,0.13,.,まくり差し,
下関,2025/11/02,9,06,2,4824,松井洪弥,39,48,6.79,2,0.11,.,まくり差し,
下関,2025/11/02,10,01,2,4715,村上遼,59,28,6.72,2,0.13,1.48.5,差し,
下関,2025/11/02,10,02,1,4584,村岡賢人,55,73,6.69,1,0.16,1.49.9,差し,
下関,2025/11/02,10,03,3,4459,片岡雅裕,26,52,6.79,3,0.12,1.51.2,差し,
下関,2025/11/02,10,04,4,4264,長尾章平,51,11,6.80,4,0.11,1.52.2,差し,
下関,2025/11/02,10,05,5,4977,馬野耀,34,68,6.75,5,0.14,.,差し,
下関,2025/11/02,10,06,6,4812,西野雄貴,48,59,6.77,6,0.13,.,差し,
下関,2025/11/02,11,01,1,4645,上村純一,62,63,6.72,1,0.15,1.48.1,逃げ,
下関,2025/11/02,11,02,4,4832,権藤俊光,19,24,6.67,4,0.25,1.49.2,逃げ,
下関,2025/11/02,11,03,2,4350,篠崎元志,42,61,6.71,2,0.15,1.51.5,逃げ,
下関,2025/11/02,11,04,3,4980,佐々木完太,54,65,6.72,3,0.21,1.52.6,逃げ,
下関,2025/11/02,11,05,5,4074,柳沢一,56,21,6.72,5,0.27,.,逃げ,
下関,2025/11/02,11,06,6,4083,福島勇樹,13,51,6.69,6,0.24,.,逃げ,
下関,2025/11/02,12,01,1,3415,松井繁,52,57,6.77,1,0.14,1.47.9,逃げ,
下関,2025/11/02,12,02,6,4787,椎名豊,61,42,6.75,6,0.21,1.49.2,逃げ,
下関,2025/11/02,12,03,3,4601,森野正弘,67,53,6.75,3,0.17,1.50.7,逃げ,
下関,2025/11/02,12,04,5,4586,磯部誠,33,16,6.78,5,0.32,1.51.5,逃げ,
下関,2025/11/02,12,05,4,4361,柳生泰二,57,58,6.74,4,0.27,.,逃げ,
下関,2025/11/02,12,06,2,4028,田村隆信,71,66,6.76,2,0.16,.,逃げ,
宮島,2025/11/02,1,01,2,4017,向井美鈴,81,34,6.68,2,0.08,1.49.7,差し,
宮島,2025/11/02,1,02,1,4927,関野文,82,78,6.74,1,0.08,1.50.6,差し,
宮島,2025/11/02,1,03,3,5317,長尾萌加,11,59,6.71,3,0.07,1.50.8,差し,
宮島,2025/11/02,1,04,4,4484,稲生夏季,75,32,6.76,4,0.09,1.53.3,差し,
宮島,2025/11/02,1,05,6,4400,加藤奈月,66,60,6.77,5,0.10,1.54.7,差し,
宮島,2025/11/02,1,06,5,5389,恵良琴美,16,73,6.68,6,0.08,1.56.8,差し,
宮島,2025/11/02,2,01,1,4872,山下流心,77,67,6.75,1,0.14,1.50.2,逃げ,
宮島,2025/11/02,2,02,3,4871,菊池宏志,21,53,6.68,3,0.15,1.51.5,逃げ,
宮島,2025/11/02,2,03,5,3277,齋藤勇,34,75,6.76,5,0.19,1.52.6,逃げ,
宮島,2025/11/02,2,04,2,5274,城間盛渚,26,74,6.72,2,0.18,1.53.1,逃げ,
宮島,2025/11/02,2,05,6,4461,安田吉宏,30,38,6.73,6,0.19,1.55.0,逃げ,
宮島,2025/11/02,2,06,4,3467,森弘行,19,68,6.75,4,0.20,1.55.8,逃げ,
宮島,2025/11/02,3,01,1,4516,野口勝弘,12,80,6.68,1,0.08,1.50.1,逃げ,
宮島,2025/11/02,3,02,6,4610,佐藤大佑,68,62,6.77,6,0.15,1.51.2,逃げ,
宮島,2025/11/02,3,03,3,4978,山田和佐,13,57,6.79,3,0.20,1.51.8,逃げ,
宮島,2025/11/02,3,04,2,4119,泥谷一毅,35,11,6.77,2,0.21,1.53.7,逃げ,
宮島,2025/11/02,3,05,4,3401,上田隆章,24,29,6.82,4,0.17,1.54.6,逃げ,
宮島,2025/11/02,3,06,5,4211,村田敦,74,64,6.87,5,0.11,1.56.3,逃げ,
宮島,2025/11/02,4,01,1,4348,宮崎奨,18,77,6.74,1,0.13,1.49.6,逃げ,
宮島,2025/11/02,4,02,3,4764,小池礼乃,69,27,6.74,3,0.17,1.51.1,逃げ,
宮島,2025/11/02,4,03,2,3257,田頭実,29,52,6.75,2,0.18,1.53.2,逃げ,
宮島,2025/11/02,4,04,4,3385,渡邉睦広,76,71,6.83,4,0.17,1.55.2,逃げ,
宮島,2025/11/02,4,05,5,3211,北川敏弘,28,55,6.83,5,0.19,1.56.4,逃げ,
宮島,2025/11/02,4,06,6,4889,後藤盛也,33,39,6.80,6,0.17,1.58.5,逃げ,
宮島,2025/11/02,5,01,1,4302,西野翔太,37,51,6.74,1,0.07,1.49.0,逃げ,
宮島,2025/11/02,5,02,2,3947,寺本昇平,23,61,6.73,2,0.09,1.50.9,逃げ,
宮島,2025/11/02,5,03,4,4822,百武翔,15,63,6.78,4,0.15,1.52.4,逃げ,
宮島,2025/11/02,5,04,3,4400,加藤奈月,66,60,6.81,3,0.10,1.53.7,逃げ,
宮島,2025/11/02,5,05,6,4587,木田峰由季,36,76,6.73,6,0.09,1.54.2,逃げ,
宮島,2025/11/02,5,06,5,4017,向井美鈴,81,34,6.78,5,0.16,1.54.7,逃げ,
宮島,2025/11/02,6,01,1,3435,寺田千恵,17,36,6.73,1,0.20,1.49.1,逃げ,
宮島,2025/11/02,6,02,3,3957,大谷直弘,27,33,6.74,3,0.28,1.51.3,逃げ,
宮島,2025/11/02,6,03,4,5317,長尾萌加,11,59,6.71,4,0.25,1.51.7,逃げ,
宮島,2025/11/02,6,04,5,5274,城間盛渚,26,74,6.76,5,0.20,1.53.3,逃げ,
宮島,2025/11/02,6,05,6,4489,岩川仁士,79,69,6.75,6,0.23,1.55.1,逃げ,
宮島,2025/11/02,6,06,2,3539,金子順一,78,30,6.76,2,0.20,1.58.3,逃げ,
宮島,2025/11/02,7,01,1,3574,大神康司,14,50,6.78,1,0.10,1.50.7,逃げ,
宮島,2025/11/02,7,02,4,3370,坪内実,38,31,6.70,4,0.19,1.52.0,逃げ,
宮島,2025/11/02,7,03,6,4484,稲生夏季,75,32,6.81,6,0.22,1.52.4,逃げ,
宮島,2025/11/02,7,04,2,3797,岩井繁,71,56,6.76,2,0.11,1.53.3,逃げ,
宮島,2025/11/02,7,05,5,4119,泥谷一毅,35,11,6.75,5,0.22,1.54.7,逃げ,
宮島,2025/11/02,7,06,3,4461,安田吉宏,30,38,6.78,3,0.16,1.55.6,逃げ,
宮島,2025/11/02,8,01,4,4871,菊池宏志,21,53,6.68,4,0.12,1.50.1,まくり,
宮島,2025/11/02,8,02,1,5298,水谷理人,67,13,6.70,1,0.23,1.50.7,まくり,
宮島,2025/11/02,8,03,2,3690,河合三弘,31,81,6.76,2,0.27,1.53.4,まくり,
宮島,2025/11/02,8,04,6,5389,恵良琴美,16,73,6.70,6,0.15,1.54.4,まくり,
宮島,2025/11/02,8,05,5,4764,小池礼乃,69,27,6.72,5,0.14,1.54.5,まくり,
宮島,2025/11/02,8,06,3,4211,村田敦,74,64,6.79,3,0.28,1.57.6,まくり,
宮島,2025/11/02,9,01,1,4822,百武翔,15,63,6.69,1,0.18,1.49.6,逃げ,
宮島,2025/11/02,9,02,6,3757,畑和宏,80,54,6.73,6,0.20,1.51.0,逃げ,
宮島,2025/11/02,9,03,2,4889,後藤盛也,33,39,6.69,2,0.16,1.52.8,逃げ,
宮島,2025/11/02,9,04,3,4872,山下流心,77,67,6.74,3,0.22,1.53.9,逃げ,
宮島,2025/11/02,9,05,5,3947,寺本昇平,23,61,6.72,5,0.25,1.54.5,逃げ,
宮島,2025/11/02,9,06,4,4610,佐藤大佑,68,62,6.72,4,0.26,1.55.3,逃げ,
宮島,2025/11/02,10,01,2,4302,西野翔太,37,51,6.70,3,0.09,1.49.5,まくり差し,
宮島,2025/11/02,10,02,3,3435,寺田千恵,17,36,6.76,4,0.16,1.50.6,まくり差し,
宮島,2025/11/02,10,03,4,4348,宮崎奨,18,77,6.74,5,0.15,1.52.2,まくり差し,
宮島,2025/11/02,10,04,6,3257,田頭実,29,52,6.77,2,0.15,1.53.5,まくり差し,
宮島,2025/11/02,10,05,1,4489,岩川仁士,79,69,6.70,1,0.22,1.53.7,まくり差し,
宮島,2025/11/02,10,06,5,4978,山田和佐,13,57,6.77,6,0.12,1.55.4,まくり差し,
宮島,2025/11/02,11,01,1,4587,木田峰由季,36,76,6.81,1,0.14,1.50.6,逃げ,
宮島,2025/11/02,11,02,2,5298,水谷理人,67,13,6.77,3,0.20,1.52.3,逃げ,
宮島,2025/11/02,11,03,5,3574,大神康司,14,50,6.84,2,0.18,1.53.5,逃げ,
宮島,2025/11/02,11,04,4,4516,野口勝弘,12,80,6.77,5,0.12,1.54.2,逃げ,
宮島,2025/11/02,11,05,6,3797,岩井繁,71,56,6.91,6,0.15,1.54.8,逃げ,
宮島,2025/11/02,11,06,3,4927,関野文,82,78,6.84,4,0.22,1.56.9,逃げ,
宮島,2025/11/02,12,01,1,3849,中岡正彦,32,66,6.81,1,0.08,1.48.4,逃げ,
宮島,2025/11/02,12,02,3,4287,今井貴士,22,37,6.87,3,0.13,1.51.0,逃げ,
宮島,2025/11/02,12,03,4,4471,新田泰章,70,82,6.89,4,0.20,1.52.4,逃げ,
宮島,2025/11/02,12,04,6,4579,中嶋健一郎,20,65,6.83,6,0.15,1.53.1,逃げ,
宮島,2025/11/02,12,05,2,3966,作間章,72,70,6.83,2,0.11,1.54.8,逃げ,
宮島,2025/11/02,12,06,5,4607,鶴田勇雄,25,72,6.84,5,0.23,1.56.5,逃げ,
丸亀,2025/11/02,1,01,1,4197,渥美卓郎,23,57,6.85,1,0.19,1.50.3,逃げ,
丸亀,2025/11/02,1,02,6,5037,田頭虎親,10,46,6.85,6,0.31,1.52.4,逃げ,
丸亀,2025/11/02,1,03,5,5395,日高龍之介,6,54,6.84,5,0.34,1.53.3,逃げ,
丸亀,2025/11/02,1,04,4,3778,安達美帆,65,55,6.77,4,0.33,1.54.6,逃げ,
丸亀,2025/11/02,1,05,2,3535,渡修平,47,29,6.81,2,0.18,1.56.2,逃げ,
丸亀,2025/11/02,1,06,3,5003,来田衣織,53,39,6.79,3,0.18,1.58.2,逃げ,
丸亀,2025/11/02,2,01,4,3477,近藤稔也,64,6,6.81,4,0.15,1.54.5,抜き,
丸亀,2025/11/02,2,02,2,3361,岡部浩,14,58,6.94,2,0.18,1.55.8,抜き,
丸亀,2025/11/02,2,03,6,5412,久保田凪紗,62,35,6.81,6,0.21,1.59.8,抜き,
丸亀,2025/11/02,2,04,5,4944,田代達也,15,8,6.77,5,0.19,2.02.9,抜き,
丸亀,2025/11/02,2,05,3,3517,高橋勲,59,2,6.82,3,0.15,2.13.2,抜き,
丸亀,2025/11/02,2,S0,1,3808,秋田健太郎,56,44,6.86,1,0.17,.,抜き,
丸亀,2025/11/02,3,01,3,4313,西村美智子,55,27,6.76,4,0.09,1.49.3,抜き,
丸亀,2025/11/02,3,02,5,3265,今村暢孝,2,23,6.78,2,0.19,1.51.1,抜き,
丸亀,2025/11/02,3,03,2,3717,立間充宏,17,13,6.87,3,0.26,1.52.4,抜き,
丸亀,2025/11/02,3,04,1,4563,齋藤真之,66,31,6.81,1,0.09,1.52.6,抜き,
丸亀,2025/11/02,3,05,4,3975,小野寺智洋,24,41,6.79,5,0.15,1.54.4,抜き,
丸亀,2025/11/02,3,06,6,4439,近藤友宝,29,14,6.85,6,0.19,1.56.3,抜き,
丸亀,2025/11/02,4,01,2,4443,津田裕絵,11,60,6.98,2,0.24,1.50.1,差し,
丸亀,2025/11/02,4,02,1,4592,小林孝弘,4,15,6.90,1,0.19,1.51.2,差し,
丸亀,2025/11/02,4,03,3,4315,山崎昂介,16,16,6.80,3,0.23,1.52.5,差し,
丸亀,2025/11/02,4,04,6,4131,原豊土,5,52,6.87,6,0.42,1.53.5,差し,
丸亀,2025/11/02,4,05,4,3564,桑原啓,31,37,6.88,4,0.30,1.53.6,差し,
丸亀,2025/11/02,4,06,5,4450,平高奈菜,1,25,6.96,5,0.39,1.56.7,差し,
丸亀,2025/11/02,5,01,3,4483,北野輝季,22,18,6.85,4,0.14,1.49.6,まくり,
丸亀,2025/11/02,5,02,1,3294,野中義生,13,33,6.74,1,0.21,1.51.5,まくり,
丸亀,2025/11/02,5,03,4,3807,岡部哲,41,22,6.78,5,0.25,1.53.2,まくり,
丸亀,2025/11/02,5,04,5,4151,下河誉史,44,43,6.87,3,0.26,1.53.9,まくり,
丸亀,2025/11/02,5,05,6,5395,日高龍之介,6,54,6.82,6,0.33,1.55.4,まくり,
丸亀,2025/11/02,5,06,2,3778,安達美帆,65,55,6.85,2,0.29,1.58.6,まくり,
丸亀,2025/11/02,6,01,2,3024,西島義則,26,19,6.95,1,0.11,1.50.0,逃げ,
丸亀,2025/11/02,6,02,6,3731,高濱芳久,35,49,6.64,5,0.09,1.51.1,逃げ,
丸亀,2025/11/02,6,03,1,5067,山田真聖,19,40,6.76,2,0.19,1.53.1,逃げ,
丸亀,2025/11/02,6,04,5,3477,近藤稔也,64,6,6.78,4,0.10,1.53.6,逃げ,
丸亀,2025/11/02,6,05,4,4197,渥美卓郎,23,57,6.88,3,0.11,1.54.2,逃げ,
丸亀,2025/11/02,6,K0,3,3808,秋田健太郎,56,26,K,.,K,.,逃げ,
丸亀,2025/11/02,7,01,1,5161,登玉隼百,38,21,6.78,1,0.20,1.50.1,逃げ,
丸亀,2025/11/02,7,02,2,3265,今村暢孝,2,23,6.79,2,0.18,1.51.4,逃げ,
丸亀,2025/11/02,7,03,3,5173,谷口佳蓮,43,51,6.75,3,0.14,1.52.7,逃げ,
丸亀,2025/11/02,7,04,4,3361,岡部浩,14,58,6.84,4,0.24,1.53.7,逃げ,
丸亀,2025/11/02,7,05,6,4563,齋藤真之,66,31,6.83,6,0.23,1.53.9,逃げ,
丸亀,2025/11/02,7,06,5,5003,来田衣織,53,39,6.77,5,0.19,1.57.9,逃げ,
丸亀,2025/11/02,8,01,4,3517,高橋勲,59,11,6.70,4,0.16,1.49.8,まくり差し,
丸亀,2025/11/02,8,02,1,3909,佐々木康幸,58,36,6.77,1,0.09,1.51.9,まくり差し,
丸亀,2025/11/02,8,03,3,3975,小野寺智洋,24,41,6.67,3,0.27,1.53.3,まくり差し,
丸亀,2025/11/02,8,04,6,4592,小林孝弘,4,15,6.81,6,0.17,1.54.3,まくり差し,
丸亀,2025/11/02,8,05,5,3535,渡修平,47,29,6.75,5,0.19,1.56.0,まくり差し,
丸亀,2025/11/02,8,06,2,4450,平高奈菜,1,25,6.81,2,0.26,1.59.3,まくり差し,
丸亀,2025/11/02,9,01,2,4151,下河誉史,44,43,6.83,2,0.18,1.50.1,差し,
丸亀,2025/11/02,9,02,1,4439,近藤友宝,29,14,6.82,1,0.11,1.51.2,差し,
丸亀,2025/11/02,9,03,5,4313,西村美智子,55,27,6.78,5,0.10,1.52.7,差し,
丸亀,2025/11/02,9,04,3,4131,原豊土,5,52,6.77,3,0.15,1.53.8,差し,
丸亀,2025/11/02,9,05,6,3807,岡部哲,41,22,6.84,6,0.22,1.55.8,差し,
丸亀,2025/11/02,9,06,4,4944,田代達也,15,8,6.76,4,0.18,1.58.1,差し,
丸亀,2025/11/02,10,01,5,3717,立間充宏,17,13,6.86,5,0.18,1.49.8,まくり差し,
丸亀,2025/11/02,10,02,3,4443,津田裕絵,11,60,6.84,4,0.20,1.50.9,まくり差し,
丸亀,2025/11/02,10,03,6,3294,野中義生,13,33,6.76,6,0.17,1.52.0,まくり差し,
丸亀,2025/11/02,10,04,1,5037,田頭虎親,10,46,6.76,1,0.21,1.53.7,まくり差し,
丸亀,2025/11/02,10,05,4,3024,西島義則,26,19,6.87,2,0.24,1.54.6,まくり差し,
丸亀,2025/11/02,10,06,2,4315,山崎昂介,16,16,6.65,3,0.33,1.54.7,まくり差し,
丸亀,2025/11/02,11,01,1,4483,北野輝季,22,18,6.74,1,0.18,1.48.9,逃げ,
丸亀,2025/11/02,11,02,2,3564,桑原啓,31,37,6.77,2,0.12,1.50.3,逃げ,
丸亀,2025/11/02,11,03,6,5161,登玉隼百,38,21,6.81,6,0.05,1.51.4,逃げ,
丸亀,2025/11/02,11,04,5,5067,山田真聖,19,40,6.76,5,0.09,1.52.8,逃げ,
丸亀,2025/11/02,11,05,3,3909,佐々木康幸,58,36,6.82,3,0.10,1.53.9,逃げ,
丸亀,2025/11/02,11,06,4,5173,谷口佳蓮,43,51,6.80,4,0.14,1.54.1,逃げ,
丸亀,2025/11/02,12,01,1,4852,川原祐明,37,34,6.79,1,0.12,1.48.8,逃げ,
丸亀,2025/11/02,12,02,3,4640,山ノ内雅人,45,48,6.75,3,0.13,1.50.6,逃げ,
丸亀,2025/11/02,12,03,5,4383,竹田吉行,60,63,6.71,5,0.19,1.52.5,逃げ,
丸亀,2025/11/02,12,04,6,4526,池田雄祐,51,53,6.76,6,0.16,1.53.7,逃げ,
丸亀,2025/11/02,12,05,2,3349,吉田一郎,33,28,6.79,2,0.15,1.54.9,逃げ,
丸亀,2025/11/02,12,06,4,4985,井本昌也,30,65,6.77,4,0.17,1.55.3,逃げ,
住之江,2025/11/02,1,01,3,5065,伊久間陽優,14,52,6.78,3,0.20,1.49.3,まくり,
住之江,2025/11/02,1,02,5,4976,金山立樹,66,94,6.80,5,0.13,1.51.4,まくり,
住之江,2025/11/02,1,03,2,3692,竹腰正樹,79,66,6.90,2,0.26,1.52.9,まくり,
住之江,2025/11/02,1,04,1,5273,山下拓巳,15,88,6.79,1,0.23,1.54.2,まくり,
住之江,2025/11/02,1,05,4,3801,五反田忍,87,86,6.86,4,0.10,1.55.6,まくり,
住之江,2025/11/02,1,06,6,5390,高橋涼夏,82,13,6.85,6,0.13,1.55.9,まくり,
住之江,2025/11/02,2,01,1,5107,松本真広,67,73,6.84,1,0.10,1.49.2,逃げ,
住之江,2025/11/02,2,02,5,4220,深川和仁,59,37,6.81,5,0.07,1.50.2,逃げ,
住之江,2025/11/02,2,03,3,3984,坂口周,35,81,6.87,3,0.06,1.52.1,逃げ,
住之江,2025/11/02,2,04,2,3652,森下勇,28,71,6.81,2,0.08,1.52.5,逃げ,
住之江,2025/11/02,2,05,4,5251,沼田七華,33,34,6.82,4,0.02,1.54.0,逃げ,
住之江,2025/11/02,2,06,6,5380,野田亜湖,71,63,6.85,6,0.12,1.58.0,逃げ,
住之江,2025/11/02,3,01,5,3965,北中元樹,54,83,6.89,5,0.13,1.49.2,まくり,
住之江,2025/11/02,3,02,3,4713,白神優,69,68,6.86,3,0.27,1.50.6,まくり,
住之江,2025/11/02,3,03,6,5285,若林麗,18,14,6.82,6,0.16,1.52.3,まくり,
住之江,2025/11/02,3,04,2,5310,土屋蘭,81,58,6.83,2,0.30,1.52.6,まくり,
住之江,2025/11/02,3,05,1,4081,樋口範政,51,32,6.83,1,0.27,1.55.1,まくり,
住之江,2025/11/02,3,06,4,3568,木村光宏,72,21,6.85,4,0.24,1.58.0,まくり,
住之江,2025/11/02,4,01,5,4760,山崎郡,56,15,6.78,5,0.15,1.49.1,まくり差し,
住之江,2025/11/02,4,02,1,4234,野相弘司,63,31,6.82,1,0.15,1.51.2,まくり差し,
住之江,2025/11/02,4,03,6,4725,佐竹太一,21,28,6.82,6,0.21,1.52.0,まくり差し,
住之江,2025/11/02,4,04,3,5008,羽野諒,50,54,6.80,3,0.27,1.54.5,まくり差し,
住之江,2025/11/02,4,05,2,5306,河内悠利杏,37,89,6.82,2,0.22,1.55.4,まくり差し,
住之江,2025/11/02,4,06,4,4327,加藤翔,31,36,6.81,4,0.23,1.58.3,まくり差し,
住之江,2025/11/02,5,01,1,4057,松井賢治,70,84,6.75,1,0.12,1.50.7,逃げ,
住之江,2025/11/02,5,02,2,4836,大谷健太,26,17,6.81,2,0.11,1.51.8,逃げ,
住之江,2025/11/02,5,03,6,3679,飯島昌弘,58,22,6.93,4,0.04,1.54.1,逃げ,
住之江,2025/11/02,5,04,4,5390,高橋涼夏,82,13,6.86,6,0.03,1.54.8,逃げ,
住之江,2025/11/02,5,05,3,5245,倉富大誠,89,33,6.88,3,0.07,1.57.9,逃げ,
住之江,2025/11/02,5,06,5,4714,喜多須杏奈,13,87,6.85,5,0.07,2.01.0,逃げ,
住之江,2025/11/02,6,01,2,4218,吉川喜継,61,82,6.85,2,0.19,1.50.0,差し,
住之江,2025/11/02,6,02,1,4274,長畑友輔,85,39,6.79,1,0.26,1.50.8,差し,
住之江,2025/11/02,6,03,3,4367,山口修路,12,72,6.84,3,0.17,1.51.9,差し,
住之江,2025/11/02,6,04,5,4061,萩原秀人,17,92,6.91,4,0.17,1.53.1,差し,
住之江,2025/11/02,6,05,6,4924,中北涼,83,64,6.92,5,0.21,1.55.6,差し,
住之江,2025/11/02,6,06,4,5380,野田亜湖,71,63,6.87,6,0.26,1.59.4,差し,
住之江,2025/11/02,7,01,2,4903,吉田凌太朗,25,16,6.82,2,0.09,1.49.4,まくり,
住之江,2025/11/02,7,02,4,4436,渋谷明憲,88,91,6.81,4,0.29,1.50.1,まくり,
住之江,2025/11/02,7,03,3,5310,土屋蘭,81,58,6.80,3,0.17,1.50.9,まくり,
住之江,2025/11/02,7,04,1,4962,畑竜生,60,69,6.79,1,0.18,1.52.5,まくり,
住之江,2025/11/02,7,05,6,5065,伊久間陽優,14,52,6.75,6,0.36,1.52.7,まくり,
住之江,2025/11/02,7,06,5,3652,森下勇,28,71,6.85,5,0.31,1.57.0,まくり,
住之江,2025/11/02,8,01,1,4570,前田聖文,53,90,6.84,1,0.07,1.48.7,逃げ,
住之江,2025/11/02,8,02,3,4796,春園功太,77,55,6.77,3,0.13,1.50.2,逃げ,
住之江,2025/11/02,8,03,2,5285,若林麗,18,14,6.79,2,0.10,1.51.7,逃げ,
住之江,2025/11/02,8,04,4,5273,山下拓巳,15,88,6.80,4,0.29,1.53.8,逃げ,
住之江,2025/11/02,8,05,5,5107,松本真広,67,73,6.83,5,0.30,1.55.0,逃げ,
住之江,2025/11/02,8,06,6,5306,河内悠利杏,37,89,6.80,6,0.40,1.56.9,逃げ,
住之江,2025/11/02,9,01,2,4760,山崎郡,56,15,6.80,2,0.10,1.48.9,抜き,
住之江,2025/11/02,9,02,4,3905,天野友和,19,11,6.97,4,0.16,1.50.3,抜き,
住之江,2025/11/02,9,03,1,3742,宮地秀祈,84,78,6.87,1,0.11,1.51.6,抜き,
住之江,2025/11/02,9,04,3,3811,石田章央,30,50,6.86,3,0.13,1.51.8,抜き,
住之江,2025/11/02,9,05,6,5251,沼田七華,33,34,6.85,6,0.18,1.53.9,抜き,
住之江,2025/11/02,9,06,5,4081,樋口範政,51,32,6.89,5,0.19,1.56.9,抜き,
住之江,2025/11/02,10,01,3,4702,三浦敬太,65,56,6.89,3,0.14,1.49.3,まくり差し,
住之江,2025/11/02,10,02,2,4672,守屋大地,23,18,6.84,2,0.19,1.50.5,まくり差し,
住之江,2025/11/02,10,03,1,4976,金山立樹,66,94,6.82,1,0.28,1.52.7,まくり差し,
住之江,2025/11/02,10,04,5,4836,大谷健太,26,17,6.88,5,0.22,1.54.2,まくり差し,
住之江,2025/11/02,10,05,6,4521,小池公生,39,51,6.86,6,0.24,1.56.3,まくり差し,
住之江,2025/11/02,10,06,4,4924,中北涼,83,64,6.90,4,0.19,1.56.8,まくり差し,
住之江,2025/11/02,11,01,1,4713,白神優,69,68,6.83,1,0.12,1.49.1,逃げ,
住之江,2025/11/02,11,02,4,4042,丸岡正典,64,12,6.79,3,0.13,1.49.9,逃げ,
住之江,2025/11/02,11,03,6,4218,吉川喜継,61,82,6.88,5,0.17,1.52.4,逃げ,
住之江,2025/11/02,11,04,2,4220,深川和仁,59,37,6.81,2,0.19,1.54.1,逃げ,
住之江,2025/11/02,11,05,5,4057,松井賢治,70,84,6.85,6,0.19,1.56.2,逃げ,
住之江,2025/11/02,11,06,3,5012,加倉侑征,55,67,6.90,4,0.20,1.56.8,逃げ,
住之江,2025/11/02,12,01,1,4061,萩原秀人,17,92,6.87,1,0.19,1.48.4,逃げ,
住之江,2025/11/02,12,02,2,3965,北中元樹,54,83,7.04,2,0.20,1.50.1,逃げ,
住之江,2025/11/02,12,03,5,4962,畑竜生,60,69,6.87,5,0.17,1.51.5,逃げ,
住之江,2025/11/02,12,04,4,4570,前田聖文,53,90,6.90,4,0.20,1.51.6,逃げ,
住之江,2025/11/02,12,05,3,3679,飯島昌弘,58,22,6.90,3,0.21,1.53.5,逃げ,
住之江,2025/11/02,12,06,6,3984,坂口周,35,81,6.96,6,0.23,1.55.2,逃げ,
びわこ,2025/11/02,1,01,1,4305,金子拓矢,29,27,6.69,1,0.15,1.50.2,逃げ,
びわこ,2025/11/02,1,02,4,4896,花本剛,55,26,6.68,4,0.19,1.52.2,逃げ,
びわこ,2025/11/02,1,03,2,3202,三品隆浩,13,12,6.74,2,0.23,1.53.3,逃げ,
びわこ,2025/11/02,1,04,3,5326,三嶌さらら,73,20,6.75,3,0.15,1.54.1,逃げ,
びわこ,2025/11/02,1,05,5,5344,谷口丞,50,59,6.76,5,0.20,.,逃げ,
びわこ,2025/11/02,1,06,6,5347,井澤聖奈,20,63,6.74,6,0.24,.,逃げ,
びわこ,2025/11/02,2,01,5,3548,室田泰史,71,36,6.71,5,0.17,1.50.2,まくり差し,
びわこ,2025/11/02,2,02,4,5007,近藤雄一郎,26,69,6.76,4,0.16,1.51.7,まくり差し,
びわこ,2025/11/02,2,03,1,5020,宮村勇哉,35,65,6.67,1,0.26,1.53.1,まくり差し,
びわこ,2025/11/02,2,04,6,4803,飯田庄吾,72,72,6.77,6,0.22,1.53.7,まくり差し,
びわこ,2025/11/02,2,05,2,3719,辻栄蔵,43,67,6.68,2,0.23,.,まくり差し,
びわこ,2025/11/02,2,06,3,5305,伊藤栞,56,62,6.89,3,0.21,.,まくり差し,
びわこ,2025/11/02,3,01,4,4362,土屋智則,11,24,6.66,4,0.18,1.48.5,差し,
びわこ,2025/11/02,3,02,2,3362,間嶋仁志,32,68,6.75,2,0.18,1.51.4,差し,
びわこ,2025/11/02,3,03,1,4020,川上清人,60,43,6.75,1,0.12,1.52.8,差し,
びわこ,2025/11/02,3,04,5,4623,中北将史,47,66,6.69,5,0.16,1.53.8,差し,
びわこ,2025/11/02,3,05,3,5157,市川健太,36,32,6.76,3,0.13,.,差し,
びわこ,2025/11/02,3,06,6,5361,植竹玲奈,12,47,6.76,6,0.17,.,差し,
びわこ,2025/11/02,4,01,5,3908,重成一人,58,64,6.73,5,0.15,1.49.4,抜き,
びわこ,2025/11/02,4,02,3,4293,鈴木智啓,65,73,6.70,3,0.18,1.50.1,抜き,
びわこ,2025/11/02,4,03,6,4504,前田将太,16,29,6.68,6,0.15,1.52.1,抜き,
びわこ,2025/11/02,4,04,1,4632,長尾京志郎,37,14,6.63,1,0.26,1.53.2,抜き,
びわこ,2025/11/02,4,05,4,5295,田上凜,34,60,6.64,4,0.16,.,抜き,
びわこ,2025/11/02,4,06,2,5143,常盤海心,38,56,6.74,2,0.41,.,抜き,
びわこ,2025/11/02,5,01,4,3654,武田光史,53,11,6.69,4,0.26,1.51.1,まくり,
びわこ,2025/11/02,5,02,6,3841,佐々木和伸,41,18,6.60,6,0.21,1.52.5,まくり,
びわこ,2025/11/02,5,03,5,5252,荒木颯斗,70,61,6.63,5,0.30,1.54.1,まくり,
びわこ,2025/11/02,5,04,2,4473,藤堂里香,17,25,6.67,2,0.32,1.55.4,まくり,
びわこ,2025/11/02,5,05,3,5297,南彩寧,19,54,6.60,3,0.32,.,まくり,
びわこ,2025/11/02,5,06,1,4896,花本剛,55,26,6.65,1,0.31,.,まくり,
びわこ,2025/11/02,6,01,2,4247,齊藤優,30,17,6.76,2,0.22,1.50.8,差し,
びわこ,2025/11/02,6,02,5,4388,是澤孝宏,57,45,6.75,5,0.18,1.51.9,差し,
びわこ,2025/11/02,6,03,3,4139,丹下健,62,44,6.79,3,0.22,1.53.9,差し,
びわこ,2025/11/02,6,04,4,4463,三苫晃幸,18,57,6.76,4,0.21,1.55.1,差し,
びわこ,2025/11/02,6,05,1,5007,近藤雄一郎,26,69,6.73,1,0.24,.,差し,
びわこ,2025/11/02,6,06,6,5358,増本杏珠,54,30,6.82,6,0.21,.,差し,
びわこ,2025/11/02,7,01,1,3875,廣中良一,31,39,6.72,1,0.21,1.50.8,逃げ,
びわこ,2025/11/02,7,02,4,4278,藤岡俊介,27,33,6.78,4,0.20,1.52.1,逃げ,
びわこ,2025/11/02,7,03,6,4396,大田直弥,51,49,6.60,6,0.26,1.53.4,逃げ,
びわこ,2025/11/02,7,04,5,5326,三嶌さらら,73,20,6.67,5,0.27,1.54.2,逃げ,
びわこ,2025/11/02,7,05,2,4053,芦澤望,14,22,6.68,2,0.23,.,逃げ,
びわこ,2025/11/02,7,06,3,4803,飯田庄吾,72,72,6.68,3,0.21,.,逃げ,
びわこ,2025/11/02,8,01,3,5329,金子龍斗,69,13,6.67,5,0.18,1.49.5,まくり差し,
びわこ,2025/11/02,8,02,1,4179,広次修,49,38,6.68,1,0.14,1.51.5,まくり差し,
びわこ,2025/11/02,8,03,2,3548,室田泰史,71,36,6.71,4,0.11,1.53.9,まくり差し,
びわこ,2025/11/02,8,04,6,3507,藤井徹,66,31,6.75,3,0.19,1.54.5,まくり差し,
びわこ,2025/11/02,8,05,5,4466,南佑典,24,15,6.78,2,0.15,.,まくり差し,
びわこ,2025/11/02,8,06,4,4020,川上清人,60,43,6.76,6,0.16,.,まくり差し,
びわこ,2025/11/02,9,01,2,4959,井上忠政,46,28,6.73,2,0.22,1.51.4,差し,
びわこ,2025/11/02,9,02,1,3212,亀本勇樹,28,58,6.80,1,0.16,1.53.2,差し,
びわこ,2025/11/02,9,03,4,4632,長尾京志郎,37,14,6.73,4,0.33,1.53.6,差し,
びわこ,2025/11/02,9,04,6,5344,谷口丞,50,59,6.76,6,0.27,1.55.4,差し,
びわこ,2025/11/02,9,05,3,4623,中北将史,47,66,6.73,3,0.19,.,差し,
びわこ,2025/11/02,9,06,5,4473,藤堂里香,17,25,6.69,5,0.30,.,差し,
びわこ,2025/11/02,10,01,1,3841,佐々木和伸,41,18,6.63,1,0.18,1.48.6,抜き,
びわこ,2025/11/02,10,02,2,3908,重成一人,58,64,6.68,2,0.17,1.49.8,抜き,
びわこ,2025/11/02,10,03,3,4362,土屋智則,11,24,6.70,3,0.18,1.51.7,抜き,
びわこ,2025/11/02,10,04,6,5020,宮村勇哉,35,65,6.68,6,0.22,1.53.7,抜き,
びわこ,2025/11/02,10,05,4,4139,丹下健,62,44,6.76,4,0.21,.,抜き,
びわこ,2025/11/02,10,06,5,3202,三品隆浩,13,12,6.70,5,0.22,.,抜き,
びわこ,2025/11/02,11,01,1,4504,前田将太,16,29,6.70,1,0.14,1.49.3,逃げ,
びわこ,2025/11/02,11,02,6,4305,金子拓矢,29,27,6.74,6,0.18,1.50.5,逃げ,
びわこ,2025/11/02,11,03,4,5157,市川健太,36,32,6.65,4,0.14,1.51.5,逃げ,
びわこ,2025/11/02,11,04,3,4463,三苫晃幸,18,57,6.62,3,0.17,1.52.5,逃げ,
びわこ,2025/11/02,11,05,5,3719,辻栄蔵,43,67,6.67,5,0.16,.,逃げ,
びわこ,2025/11/02,11,06,2,5252,荒木颯斗,70,61,6.73,2,0.15,.,逃げ,
びわこ,2025/11/02,12,01,2,4388,是澤孝宏,57,45,6.77,3,0.08,1.48.6,差し,
びわこ,2025/11/02,12,02,1,4396,大田直弥,51,49,6.67,1,0.19,1.50.8,差し,
びわこ,2025/11/02,12,03,5,3362,間嶋仁志,32,68,6.79,2,0.12,1.51.2,差し,
びわこ,2025/11/02,12,04,4,4293,鈴木智啓,65,73,6.77,5,0.06,1.51.4,差し,
びわこ,2025/11/02,12,05,6,4179,広次修,49,38,6.76,6,0.09,.,差し,
びわこ,2025/11/02,12,06,3,3654,武田光史,53,11,6.72,4,0.07,.,差し,
三国,2025/11/02,1,01,1,5114,小林孝彰,66,50,6.67,1,0.28,1.49.9,逃げ,
三国,2025/11/02,1,02,4,5027,重冨勇哉,58,37,6.68,6,0.25,1.51.5,逃げ,
三国,2025/11/02,1,03,5,4407,鹿島敏弘,21,70,6.71,4,0.25,1.52.1,逃げ,
三国,2025/11/02,1,04,6,4676,後藤隼之,16,19,6.72,5,0.31,1.54.4,逃げ,
三国,2025/11/02,1,05,3,4462,夏山亮平,17,55,6.82,3,0.29,.,逃げ,
三国,2025/11/02,1,06,2,3441,土屋太朗,64,53,6.71,2,0.27,.,逃げ,
三国,2025/11/02,2,01,1,4351,里岡右貴,40,11,6.67,1,0.21,1.50.6,逃げ,
三国,2025/11/02,2,02,3,4619,伏田裕隆,61,43,6.61,3,0.27,1.51.2,逃げ,
三国,2025/11/02,2,03,5,4474,渡辺崇,35,47,6.71,5,0.36,1.53.2,逃げ,
三国,2025/11/02,2,04,2,5111,三村岳人,69,68,6.63,2,0.24,1.53.6,逃げ,
三国,2025/11/02,2,05,4,4325,新出浩司,27,69,6.73,4,0.27,.,逃げ,
三国,2025/11/02,2,06,6,5280,廣瀬凜,56,25,6.72,6,0.37,.,逃げ,
三国,2025/11/02,3,01,4,4016,西川新太郎,36,64,6.72,4,0.22,1.50.0,差し,
三国,2025/11/02,3,02,1,3956,横澤剛治,70,71,6.78,1,0.27,1.51.0,差し,
三国,2025/11/02,3,03,2,5276,大島隆乃介,50,46,6.72,2,0.24,1.52.4,差し,
三国,2025/11/02,3,04,3,4295,小坂尚哉,39,66,6.67,3,0.21,1.52.7,差し,
三国,2025/11/02,3,05,5,4957,竹之内極,29,40,6.74,5,0.22,.,差し,
三国,2025/11/02,3,06,6,3455,谷本幸司,28,42,6.72,6,0.24,.,差し,
三国,2025/11/02,4,01,1,3406,中里英夫,14,28,6.74,1,0.15,1.49.3,逃げ,
三国,2025/11/02,4,02,6,4512,高野哲史,45,51,6.65,6,0.21,1.51.3,逃げ,
三国,2025/11/02,4,03,3,4034,西原明生,32,67,6.74,2,0.20,1.53.2,逃げ,
三国,2025/11/02,4,04,5,4960,黒野元基,11,41,6.65,5,0.19,1.53.6,逃げ,
三国,2025/11/02,4,05,2,4259,真庭明志,30,49,6.76,3,0.18,.,逃げ,
三国,2025/11/02,4,06,4,4332,村上彰一,62,27,6.73,4,0.22,.,逃げ,
三国,2025/11/02,5,01,5,4983,前田篤哉,34,23,6.63,5,0.19,1.49.4,まくり差し,
三国,2025/11/02,5,02,1,5255,藤原仙二,53,15,6.62,1,0.14,1.51.1,まくり差し,
三国,2025/11/02,5,03,6,4324,海野康志郎,18,44,6.59,6,0.16,1.53.3,まくり差し,
三国,2025/11/02,5,04,3,4195,前川守嗣,68,48,6.71,3,0.17,1.53.8,まくり差し,
三国,2025/11/02,5,05,2,3771,折下寛法,43,33,6.66,2,0.13,.,まくり差し,
三国,2025/11/02,5,06,4,4251,川崎誠志,49,12,6.75,4,0.21,.,まくり差し,
三国,2025/11/02,6,01,1,4676,後藤隼之,16,19,6.69,1,0.09,1.50.5,逃げ,
三国,2025/11/02,6,02,3,3489,大場敏,15,30,6.78,3,0.11,1.51.3,逃げ,
三国,2025/11/02,6,03,5,5043,中村日向,54,60,6.73,5,0.14,1.53.0,逃げ,
三国,2025/11/02,6,04,6,4401,小林泰,23,39,6.77,6,0.16,1.54.0,逃げ,
三国,2025/11/02,6,05,2,4520,高倉孝太,59,61,6.69,2,0.09,.,逃げ,
三国,2025/11/02,6,06,4,4518,大須賀友,22,52,6.68,4,0.12,.,逃げ,
三国,2025/11/02,7,01,3,4711,前出達吉,37,13,6.76,3,0.11,1.49.4,抜き,
三国,2025/11/02,7,02,1,5280,廣瀬凜,56,25,6.80,1,0.11,1.50.6,抜き,
三国,2025/11/02,7,03,2,4957,竹之内極,29,40,6.80,2,0.11,1.52.3,抜き,
三国,2025/11/02,7,04,4,4545,岡村慶太,47,54,6.74,4,0.11,1.52.6,抜き,
三国,2025/11/02,7,05,6,4096,石橋道友,57,65,6.75,6,0.08,.,抜き,
三国,2025/11/02,7,06,5,3441,土屋太朗,64,53,6.78,5,0.12,.,抜き,
三国,2025/11/02,8,01,1,4003,表憲一,46,32,6.78,1,0.18,1.59.9,逃げ,
三国,2025/11/02,8,02,5,4259,真庭明志,30,49,6.86,5,0.27,2.01.2,逃げ,
三国,2025/11/02,8,03,3,4325,新出浩司,27,69,6.83,3,0.19,2.04.8,逃げ,
三国,2025/11/02,8,04,2,4474,渡辺崇,35,47,6.82,2,0.28,2.07.9,逃げ,
三国,2025/11/02,8,05,6,5276,大島隆乃介,50,46,6.81,6,0.29,.,逃げ,
三国,2025/11/02,8,S1,4,4462,夏山亮平,17,55,6.88,4,0.25,.,逃げ,
三国,2025/11/02,9,01,1,3455,谷本幸司,28,42,6.77,1,0.32,1.49.8,逃げ,
三国,2025/11/02,9,02,5,5111,三村岳人,69,68,6.69,6,0.27,1.51.7,逃げ,
三国,2025/11/02,9,03,3,4332,村上彰一,62,27,6.75,3,0.35,1.52.6,逃げ,
三国,2025/11/02,9,04,2,3482,金子猛志,33,34,6.80,2,0.32,1.53.6,逃げ,
三国,2025/11/02,9,05,4,4172,森定晃史,51,14,6.83,4,0.28,.,逃げ,
三国,2025/11/02,9,06,6,5114,小林孝彰,66,50,6.73,5,0.21,.,逃げ,
三国,2025/11/02,10,01,1,4324,海野康志郎,18,44,6.61,1,0.14,1.49.3,逃げ,
三国,2025/11/02,10,02,2,4960,黒野元基,11,41,6.67,2,0.21,1.50.4,逃げ,
三国,2025/11/02,10,03,3,4518,大須賀友,22,52,6.72,3,0.21,1.52.7,逃げ,
三国,2025/11/02,10,04,5,4520,高倉孝太,59,61,6.63,6,0.14,1.52.9,逃げ,
三国,2025/11/02,10,05,6,5255,藤原仙二,53,15,6.70,5,0.14,.,逃げ,
三国,2025/11/02,10,06,4,4295,小坂尚哉,39,66,6.73,4,0.16,.,逃げ,
三国,2025/11/02,11,01,1,4096,石橋道友,57,65,6.78,1,0.08,1.49.0,逃げ,
三国,2025/11/02,11,02,4,3489,大場敏,15,30,6.78,4,0.11,1.50.0,逃げ,
三国,2025/11/02,11,03,6,4351,里岡右貴,40,11,6.72,6,0.05,1.51.9,逃げ,
三国,2025/11/02,11,04,5,3406,中里英夫,14,28,6.78,5,0.11,1.53.7,逃げ,
三国,2025/11/02,11,05,3,5027,重冨勇哉,58,37,6.69,3,0.03,.,逃げ,
三国,2025/11/02,11,06,2,4983,前田篤哉,34,23,6.70,2,0.08,.,逃げ,
三国,2025/11/02,12,01,1,4512,高野哲史,45,51,6.68,1,0.15,1.48.7,逃げ,
三国,2025/11/02,12,02,2,5043,中村日向,54,60,6.68,2,0.09,1.49.8,逃げ,
三国,2025/11/02,12,03,3,4545,岡村慶太,47,54,6.68,3,0.18,1.51.3,逃げ,
三国,2025/11/02,12,04,5,3771,折下寛法,43,33,6.71,4,0.18,1.52.4,逃げ,
三国,2025/11/02,12,05,6,3956,横澤剛治,70,71,6.79,5,0.21,.,逃げ,
三国,2025/11/02,12,06,4,4619,伏田裕隆,61,43,6.58,6,0.27,.,逃げ,
津,2025/11/02,1,01,1,3912,川原正明,51,34,6.68,1,0.11,1.48.4,逃げ,
津,2025/11/02,1,02,3,4394,永嶋裕一,34,60,6.77,3,0.18,1.51.2,逃げ,
津,2025/11/02,1,03,4,4253,西川真人,29,64,6.77,4,0.24,1.52.9,逃げ,
津,2025/11/02,1,04,6,3346,宮本裕之,52,21,6.78,5,0.23,1.54.5,逃げ,
津,2025/11/02,1,05,2,3268,森竜也,76,50,6.73,2,0.15,.,逃げ,
津,2025/11/02,1,06,5,5400,高村諒,35,12,6.72,6,0.32,.,逃げ,
津,2025/11/02,2,01,3,4866,橋本英一,73,11,6.77,3,0.16,1.49.6,まくり,
津,2025/11/02,2,02,1,4625,渡邊裕貴,69,43,6.70,1,0.14,1.51.3,まくり,
津,2025/11/02,2,03,6,3463,乙津康志,50,57,6.69,5,0.28,1.53.3,まくり,
津,2025/11/02,2,04,5,3857,阿波勝哉,48,35,6.80,6,0.24,1.54.3,まくり,
津,2025/11/02,2,05,2,4329,小松卓司,26,61,6.74,2,0.15,.,まくり,
津,2025/11/02,2,06,4,3814,金子貴志,75,63,6.76,4,0.24,.,まくり,
津,2025/11/02,3,01,4,4182,吉田和仁,12,51,6.78,4,0.16,1.49.1,まくり差し,
津,2025/11/02,3,02,2,4207,松下一也,21,53,6.72,2,0.14,1.52.1,まくり差し,
津,2025/11/02,3,03,3,4958,溝口海義也,14,72,6.73,3,0.15,1.53.4,まくり差し,
津,2025/11/02,3,04,6,5044,渡邉健,37,55,6.79,6,0.16,1.53.9,まくり差し,
津,2025/11/02,3,05,5,3569,増田進,56,38,6.82,5,0.17,.,まくり差し,
津,2025/11/02,3,06,1,5282,中本大樹,59,24,6.77,1,0.14,.,まくり差し,
津,2025/11/02,4,01,2,4356,長岡良也,25,71,6.71,2,0.09,1.50.3,抜き,
津,2025/11/02,4,02,1,5359,佐藤世那,65,62,6.71,1,0.13,1.50.3,抜き,
津,2025/11/02,4,03,5,4113,木村浩士,54,19,6.79,5,0.24,1.52.8,抜き,
津,2025/11/02,4,04,6,3352,小川晃司,63,28,6.75,6,0.20,1.53.7,抜き,
津,2025/11/02,4,05,4,5216,長谷川晴哉,30,70,6.73,4,0.16,.,抜き,
津,2025/11/02,4,06,3,3832,下田哲也,36,14,6.76,3,0.10,.,抜き,
津,2025/11/02,5,01,1,4288,永田啓二,71,52,6.74,1,0.09,1.50.5,逃げ,
津,2025/11/02,5,02,3,3584,佐々木英樹,28,73,6.78,3,0.15,1.51.0,逃げ,
津,2025/11/02,5,03,4,4272,大場広孝,41,44,6.67,4,0.19,1.52.2,逃げ,
津,2025/11/02,5,04,2,4270,岸本雄貴,55,58,6.70,2,0.13,1.53.9,逃げ,
津,2025/11/02,5,05,5,5386,米玉利大悟,43,65,6.77,5,0.20,.,逃げ,
津,2025/11/02,5,06,6,4253,西川真人,29,64,6.73,6,0.19,.,逃げ,
津,2025/11/02,6,01,1,5010,宇留田翔平,22,20,6.66,1,0.12,1.50.0,逃げ,
津,2025/11/02,6,02,2,4394,永嶋裕一,34,60,6.77,2,0.12,1.50.4,逃げ,
津,2025/11/02,6,03,5,4039,村上功祐,24,23,6.71,5,0.10,1.52.9,逃げ,
津,2025/11/02,6,04,3,4329,小松卓司,26,61,6.72,3,0.10,1.53.7,逃げ,
津,2025/11/02,6,05,4,4776,竹田和哉,74,68,6.70,4,0.11,.,逃げ,
津,2025/11/02,6,06,6,5323,香川陽太,61,54,6.70,6,0.20,.,逃げ,
津,2025/11/02,7,01,1,4659,木下翔太,68,16,6.73,1,0.12,1.50.9,抜き,
津,2025/11/02,7,02,5,5222,津田陸翔,15,32,6.67,5,0.16,1.52.0,抜き,
津,2025/11/02,7,03,2,4129,宇野博之,46,59,6.74,2,0.17,1.54.4,抜き,
津,2025/11/02,7,04,4,3857,阿波勝哉,48,35,6.77,4,0.25,1.55.7,抜き,
津,2025/11/02,7,05,3,3569,増田進,56,38,6.80,3,0.25,.,抜き,
津,2025/11/02,7,06,6,5400,高村諒,35,12,6.75,6,0.22,.,抜き,
津,2025/11/02,8,01,1,4159,向後龍一,31,74,6.66,1,0.04,1.49.0,逃げ,
津,2025/11/02,8,02,6,3268,森竜也,76,50,6.77,3,0.05,1.50.3,逃げ,
津,2025/11/02,8,03,3,4182,吉田和仁,12,51,6.75,4,0.10,1.51.8,逃げ,
津,2025/11/02,8,04,4,4866,橋本英一,73,11,6.78,5,0.13,1.52.9,逃げ,
津,2025/11/02,8,05,2,5216,長谷川晴哉,30,70,6.68,2,0.14,.,逃げ,
津,2025/11/02,8,06,5,5282,中本大樹,59,24,6.75,6,0.19,.,逃げ,
津,2025/11/02,9,01,1,4356,長岡良也,25,71,6.66,1,0.13,1.48.8,逃げ,
津,2025/11/02,9,02,2,4272,大場広孝,41,44,6.64,2,0.08,1.50.6,逃げ,
津,2025/11/02,9,03,5,4958,溝口海義也,14,72,6.70,5,0.11,1.52.8,逃げ,
津,2025/11/02,9,04,4,3584,佐々木英樹,28,73,6.76,4,0.14,1.53.6,逃げ,
津,2025/11/02,9,05,6,3814,金子貴志,75,63,6.77,6,0.16,.,逃げ,
津,2025/11/02,9,06,3,5044,渡邉健,37,55,6.71,3,0.09,.,逃げ,
津,2025/11/02,10,01,1,4039,村上功祐,24,23,6.73,1,0.15,1.49.9,逃げ,
津,2025/11/02,10,02,2,4113,木村浩士,54,19,6.75,2,0.18,1.50.8,逃げ,
津,2025/11/02,10,03,3,5010,宇留田翔平,22,20,6.73,3,0.13,1.52.3,逃げ,
津,2025/11/02,10,04,4,3912,川原正明,51,34,6.64,4,0.16,1.52.4,逃げ,
津,2025/11/02,10,05,6,4288,永田啓二,71,52,6.67,6,0.11,.,逃げ,
津,2025/11/02,10,06,5,4207,松下一也,21,53,6.73,5,0.10,.,逃げ,
津,2025/11/02,11,01,1,4776,竹田和哉,74,68,6.74,1,0.13,1.50.0,逃げ,
津,2025/11/02,11,02,2,4159,向後龍一,31,74,6.73,2,0.18,1.51.3,逃げ,
津,2025/11/02,11,03,4,4659,木下翔太,68,16,6.76,4,0.21,1.51.4,逃げ,
津,2025/11/02,11,04,6,4270,岸本雄貴,55,58,6.75,5,0.29,1.53.6,逃げ,
津,2025/11/02,11,05,3,5222,津田陸翔,15,32,6.74,3,0.18,.,逃げ,
津,2025/11/02,11,06,5,3352,小川晃司,63,28,6.73,6,0.22,.,逃げ,
津,2025/11/02,12,01,3,4706,三浦洋次朗,64,56,6.73,3,0.11,1.49.1,まくり差し,
津,2025/11/02,12,02,1,5068,前田滉,13,17,6.62,1,0.12,1.50.1,まくり差し,
津,2025/11/02,12,03,5,5029,中亮太,60,26,6.69,5,0.17,1.51.7,まくり差し,
津,2025/11/02,12,04,6,3478,嶋田貴支,32,67,6.80,6,0.26,1.51.8,まくり差し,
津,2025/11/02,12,05,4,3629,浅見昌克,19,41,6.77,4,0.20,.,まくり差し,
津,2025/11/02,12,06,2,4118,宇佐見淳,39,30,6.72,2,0.09,.,まくり差し,
常滑,2025/11/02,1,01,1,4532,秋元哲,41,49,6.83,1,0.08,1.49.5,逃げ,
常滑,2025/11/02,1,02,6,4883,岡部大輝,13,53,6.74,5,0.12,1.49.5,逃げ,
常滑,2025/11/02,1,03,3,3859,多羅尾達之,26,16,6.75,3,0.13,1.52.1,逃げ,
常滑,2025/11/02,1,04,4,3986,沖島広和,31,60,6.66,4,0.11,1.54.1,逃げ,
常滑,2025/11/02,1,05,5,3950,石川哲秀,37,75,6.74,6,0.10,.,逃げ,
常滑,2025/11/02,1,06,2,4527,高野心吾,27,36,6.69,2,0.12,.,逃げ,
常滑,2025/11/02,2,01,2,4689,豊田結,46,73,6.72,4,0.14,1.49.9,まくり,
常滑,2025/11/02,2,02,3,4709,岡村将也,16,27,6.76,5,0.15,1.50.9,まくり,
常滑,2025/11/02,2,03,6,4199,北川潤二,18,55,6.72,3,0.20,1.52.2,まくり,
常滑,2025/11/02,2,04,4,4515,藤田浩人,54,40,6.75,6,0.16,1.52.6,まくり,
常滑,2025/11/02,2,05,5,3643,米田隆弘,61,66,6.74,2,0.24,.,まくり,
常滑,2025/11/02,2,06,1,4891,寺島美里,22,12,6.74,1,0.29,.,まくり,
常滑,2025/11/02,3,01,4,4989,石原翼,45,34,6.65,4,0.07,1.50.0,まくり,
常滑,2025/11/02,3,02,1,5045,平川香織,12,19,6.75,1,0.27,1.51.0,まくり,
常滑,2025/11/02,3,03,3,4626,伊藤紘章,23,71,6.71,3,0.14,1.52.7,まくり,
常滑,2025/11/02,3,04,6,3772,一柳和孝,58,58,6.74,6,0.09,1.53.2,まくり,
常滑,2025/11/02,3,05,2,4472,尾嶋一広,17,23,6.67,2,0.22,.,まくり,
常滑,2025/11/02,3,06,5,4902,山川雄大,5,63,6.73,5,0.10,.,まくり,
常滑,2025/11/02,4,01,6,5026,安河内健,36,64,6.65,6,0.06,1.49.3,まくり差し,
常滑,2025/11/02,4,02,1,4680,後藤美翼,29,74,6.66,1,0.22,1.51.4,まくり差し,
常滑,2025/11/02,4,03,5,4660,宇田川信一,6,50,6.70,5,0.16,1.52.0,まくり差し,
常滑,2025/11/02,4,04,4,4079,出畑孝典,42,41,6.70,4,0.12,1.53.8,まくり差し,
常滑,2025/11/02,4,05,2,4106,坂井康嗣,4,33,6.75,2,0.20,.,まくり差し,
常滑,2025/11/02,4,06,3,4369,丹下将,11,42,6.69,3,0.18,.,まくり差し,
常滑,2025/11/02,5,01,2,3946,赤岩善生,8,13,6.75,2,0.14,1.49.5,抜き,
常滑,2025/11/02,5,02,1,4094,中島真二,56,15,6.71,1,0.17,1.50.8,抜き,
常滑,2025/11/02,5,03,3,3994,小野桜,40,51,6.74,3,0.20,1.52.2,抜き,
常滑,2025/11/02,5,04,5,4069,山本修一,55,25,6.72,5,0.22,1.53.4,抜き,
常滑,2025/11/02,5,05,4,3505,山田竜一,44,45,6.81,4,0.18,.,抜き,
常滑,2025/11/02,5,06,6,3502,渡邉英児,53,38,6.67,6,0.20,.,抜き,
常滑,2025/11/02,6,01,1,4515,藤田浩人,54,40,6.70,1,0.10,1.50.1,逃げ,
常滑,2025/11/02,6,02,3,4335,若林将,59,20,6.77,3,0.11,1.51.2,逃げ,
常滑,2025/11/02,6,03,5,3986,沖島広和,31,60,6.79,5,0.23,1.53.0,逃げ,
常滑,2025/11/02,6,04,2,4186,小川時光,51,35,6.74,2,0.13,1.53.8,逃げ,
常滑,2025/11/02,6,05,6,4904,松本一毅,47,57,6.71,6,0.23,.,逃げ,
常滑,2025/11/02,6,06,4,5203,神里琴音,2,30,6.74,4,0.18,.,逃げ,
常滑,2025/11/02,7,01,3,4447,深川麻奈美,1,43,6.70,3,0.05,1.49.8,まくり,
常滑,2025/11/02,7,02,6,4092,岡部大輔,34,17,6.69,6,0.10,1.51.0,まくり,
常滑,2025/11/02,7,03,2,3859,多羅尾達之,26,16,6.71,2,0.12,1.52.1,まくり,
常滑,2025/11/02,7,04,4,4199,北川潤二,18,55,6.69,4,0.02,1.53.9,まくり,
常滑,2025/11/02,7,05,5,5381,有山望,15,72,6.69,5,0.08,.,まくり,
常滑,2025/11/02,7,06,1,3950,石川哲秀,37,75,6.74,1,0.10,.,まくり,
常滑,2025/11/02,8,01,3,4532,秋元哲,41,49,6.72,1,0.15,1.49.1,逃げ,
常滑,2025/11/02,8,02,5,4626,伊藤紘章,23,71,6.72,5,0.26,1.50.9,逃げ,
常滑,2025/11/02,8,03,1,4089,妹尾忠幸,25,11,6.73,2,0.19,1.52.5,逃げ,
常滑,2025/11/02,8,04,6,4925,森悠稀,19,56,6.66,6,0.20,1.52.9,逃げ,
常滑,2025/11/02,8,05,2,3769,佐竹恒彦,52,32,6.74,3,0.20,.,逃げ,
常滑,2025/11/02,8,06,4,4902,山川雄大,5,63,6.71,4,0.33,.,逃げ,
常滑,2025/11/02,9,01,1,4769,馬場剛,20,47,6.72,1,0.11,1.48.9,逃げ,
常滑,2025/11/02,9,02,5,5026,安河内健,36,64,6.71,4,0.14,1.50.2,逃げ,
常滑,2025/11/02,9,03,3,4472,尾嶋一広,17,23,6.68,3,0.16,1.52.4,逃げ,
常滑,2025/11/02,9,04,2,3502,渡邉英児,53,38,6.68,2,0.17,1.53.4,逃げ,
常滑,2025/11/02,9,05,4,5379,廣部大明,28,62,6.73,6,0.10,.,逃げ,
常滑,2025/11/02,9,06,6,4709,岡村将也,16,27,6.72,5,0.12,.,逃げ,
常滑,2025/11/02,10,01,2,5045,平川香織,12,19,6.74,2,0.22,1.48.7,まくり,
常滑,2025/11/02,10,02,1,5203,神里琴音,2,30,6.74,1,0.12,1.51.2,まくり,
常滑,2025/11/02,10,03,3,4680,後藤美翼,29,74,6.69,3,0.19,1.53.1,まくり,
常滑,2025/11/02,10,04,4,3994,小野桜,40,51,6.69,4,0.19,1.54.1,まくり,
常滑,2025/11/02,10,05,6,4689,豊田結,46,73,6.75,6,0.15,.,まくり,
常滑,2025/11/02,10,06,5,4246,喜多那由夏,48,24,6.74,5,0.20,.,まくり,
常滑,2025/11/02,11,01,2,4904,松本一毅,47,57,6.69,2,0.23,1.49.7,まくり,
常滑,2025/11/02,11,02,1,4069,山本修一,55,25,6.68,1,0.28,1.51.2,まくり,
常滑,2025/11/02,11,03,4,4369,丹下将,11,42,6.68,4,0.19,1.52.3,まくり,
常滑,2025/11/02,11,04,3,3643,米田隆弘,61,66,6.74,3,0.25,1.53.2,まくり,
常滑,2025/11/02,11,05,5,4447,深川麻奈美,1,43,6.71,5,0.23,.,まくり,
常滑,2025/11/02,11,06,6,4989,石原翼,45,34,6.63,6,0.41,.,まくり,
常滑,2025/11/02,12,01,1,4335,若林将,59,20,6.73,1,0.09,1.49.0,逃げ,
常滑,2025/11/02,12,02,4,3946,赤岩善生,8,13,6.74,2,0.13,1.49.9,逃げ,
常滑,2025/11/02,12,03,2,4092,岡部大輔,34,17,6.73,3,0.20,1.52.8,逃げ,
常滑,2025/11/02,12,04,5,4891,寺島美里,22,12,6.74,5,0.16,1.54.1,逃げ,
常滑,2025/11/02,12,05,6,4079,出畑孝典,42,48,6.70,6,0.17,.,逃げ,
常滑,2025/11/02,12,06,3,4089,妹尾忠幸,25,11,6.73,4,0.19,.,逃げ,
多摩川,2025/11/02,1,01,1,4065,金田幸子,67,26,6.74,1,0.05,1.48.5,逃げ,
多摩川,2025/11/02,1,02,4,5082,一色凌雅,38,54,6.74,4,0.16,1.50.1,逃げ,
多摩川,2025/11/02,1,03,5,5141,大澤風葵,69,28,6.77,5,0.12,1.52.1,逃げ,
多摩川,2025/11/02,1,04,3,5151,山下奈緒,41,42,6.75,3,0.08,1.53.3,逃げ,
多摩川,2025/11/02,1,05,6,5293,眞崎武蔵,23,38,6.75,6,0.17,.,逃げ,
多摩川,2025/11/02,1,F,2,4825,倉持莉々,24,45,6.76,2,F0.01,.,逃げ,
多摩川,2025/11/02,2,01,6,5088,高憧四季,52,75,6.64,6,0.19,1.46.4,まくり,
多摩川,2025/11/02,2,02,1,5240,高橋龍治,19,33,6.67,1,0.15,1.50.1,まくり,
多摩川,2025/11/02,2,03,4,4965,福岡泉水,12,69,6.74,4,0.24,1.51.9,まくり,
多摩川,2025/11/02,2,04,3,5328,井上慧人,64,73,6.72,3,0.22,1.52.8,まくり,
多摩川,2025/11/02,2,05,5,4117,廣中智紗衣,11,76,6.74,5,0.26,.,まくり,
多摩川,2025/11/02,2,06,2,5135,仲航太,30,25,6.62,2,0.15,.,まくり,
多摩川,2025/11/02,3,01,2,4300,加藤綾,33,71,6.66,2,0.15,1.48.5,差し,
多摩川,2025/11/02,3,02,1,4627,藤原菜希,25,49,6.70,1,0.14,1.50.6,差し,
多摩川,2025/11/02,3,03,5,5136,濱野斗馬,43,35,6.69,5,0.18,1.51.9,差し,
多摩川,2025/11/02,3,04,4,5343,小林礼央,72,23,6.66,4,0.15,1.52.9,差し,
多摩川,2025/11/02,3,05,3,5283,植木美帆,26,81,6.73,3,0.15,.,差し,
多摩川,2025/11/02,3,06,6,5402,塚越陸斗,56,67,6.70,6,0.12,.,差し,
多摩川,2025/11/02,4,01,1,5109,川崎智稔,57,47,6.74,1,0.15,1.48.9,逃げ,
多摩川,2025/11/02,4,02,5,5078,山川波乙,55,46,6.75,5,0.24,1.50.1,逃げ,
多摩川,2025/11/02,4,03,3,5073,上原健次郎,37,48,6.68,3,0.21,1.52.7,逃げ,
多摩川,2025/11/02,4,04,2,5331,佐藤永梧,16,64,6.79,2,0.18,1.54.3,逃げ,
多摩川,2025/11/02,4,05,4,5291,三嶌こころ,68,79,6.76,4,0.14,.,逃げ,
多摩川,2025/11/02,4,06,6,5399,長野未来,70,68,6.70,6,0.17,.,逃げ,
多摩川,2025/11/02,5,01,2,4590,渡邉優美,18,37,6.66,2,0.11,1.47.8,差し,
多摩川,2025/11/02,5,02,1,4900,中田夕貴,61,63,6.66,1,0.09,1.49.0,差し,
多摩川,2025/11/02,5,03,3,4286,平田さやか,59,40,6.68,3,0.09,1.50.8,差し,
多摩川,2025/11/02,5,04,6,5070,中島航,54,21,6.67,6,0.13,1.52.7,差し,
多摩川,2025/11/02,5,05,5,5081,篠原飛翔,42,50,6.66,5,0.12,.,差し,
多摩川,2025/11/02,5,06,4,5169,堀本翔太,49,78,6.87,4,0.13,.,差し,
多摩川,2025/11/02,6,01,1,5226,藤田俊祐,31,70,6.67,1,0.10,1.48.6,逃げ,
多摩川,2025/11/02,6,02,3,5332,村松遥輝,17,58,6.65,3,0.11,1.50.3,逃げ,
多摩川,2025/11/02,6,03,2,5185,加藤優弥,50,59,6.75,2,0.14,1.52.6,逃げ,
多摩川,2025/11/02,6,04,4,4611,今井美亜,36,32,6.77,4,0.08,1.53.9,逃げ,
多摩川,2025/11/02,6,05,5,5346,中村紋夕梨,29,57,6.74,5,0.15,.,逃げ,
多摩川,2025/11/02,6,06,6,5415,阿部未侑,32,65,6.72,6,0.22,.,逃げ,
多摩川,2025/11/02,7,01,4,5339,石井伸長,22,43,6.63,4,0.01,1.48.6,まくり,
多摩川,2025/11/02,7,02,5,5328,井上慧人,64,73,6.67,5,0.07,1.50.1,まくり,
多摩川,2025/11/02,7,03,3,4642,松尾夏海,14,36,6.70,3,0.11,1.51.3,まくり,
多摩川,2025/11/02,7,04,1,5264,登みひ果,35,84,6.72,1,0.13,1.52.9,まくり,
多摩川,2025/11/02,7,05,2,4961,西橋奈未,63,31,6.67,2,0.11,.,まくり,
多摩川,2025/11/02,7,06,6,5089,前田翔,27,22,6.64,6,0.15,.,まくり,
多摩川,2025/11/02,8,01,1,5170,佐藤太亮,53,27,6.66,1,0.20,1.49.2,逃げ,
多摩川,2025/11/02,8,02,4,4738,清埜翔子,58,80,6.79,4,0.13,1.50.8,逃げ,
多摩川,2025/11/02,8,03,5,4884,勝浦真帆,73,34,6.63,5,0.26,1.52.1,逃げ,
多摩川,2025/11/02,8,04,2,5085,中村栄治,46,77,6.65,2,0.22,1.52.7,逃げ,
多摩川,2025/11/02,8,05,3,5154,村松栄太,62,29,6.75,3,0.16,.,逃げ,
多摩川,2025/11/02,8,06,6,5416,龍田真白,44,66,6.67,6,0.14,.,逃げ,
多摩川,2025/11/02,9,01,1,5081,篠原飛翔,42,50,6.73,1,0.16,1.49.7,逃げ,
多摩川,2025/11/02,9,02,4,5109,川崎智稔,57,47,6.72,4,0.17,1.50.3,逃げ,
多摩川,2025/11/02,9,03,5,5331,佐藤永梧,16,64,6.82,5,0.14,1.51.7,逃げ,
多摩川,2025/11/02,9,04,6,5402,塚越陸斗,56,67,6.76,6,0.09,1.53.0,逃げ,
多摩川,2025/11/02,9,05,3,5240,高橋龍治,19,33,6.70,3,0.14,.,逃げ,
多摩川,2025/11/02,9,06,2,5169,堀本翔太,49,78,6.76,2,0.18,.,逃げ,
多摩川,2025/11/02,10,01,5,4065,金田幸子,67,26,6.81,5,0.10,1.49.0,恵まれ,
多摩川,2025/11/02,10,02,4,5346,中村紋夕梨,29,57,6.75,4,0.06,1.50.8,恵まれ,
多摩川,2025/11/02,10,03,6,5399,長野未来,70,68,6.70,6,0.09,1.55.0,恵まれ,
多摩川,2025/11/02,10,F,1,4117,廣中智紗衣,11,76,6.72,1,F0.04,.,恵まれ,
多摩川,2025/11/02,10,F,2,5283,植木美帆,26,81,6.73,2,F0.03,.,恵まれ,
多摩川,2025/11/02,10,F,3,5291,三嶌こころ,68,79,6.77,3,F0.01,.,恵まれ,
多摩川,2025/11/02,11,01,2,5070,中島航,54,21,6.65,2,0.16,1.48.7,抜き,
多摩川,2025/11/02,11,02,4,5135,仲航太,30,25,6.70,4,0.06,1.49.5,抜き,
多摩川,2025/11/02,11,03,6,5136,濱野斗馬,43,35,6.76,6,0.19,1.51.8,抜き,
多摩川,2025/11/02,11,04,3,5082,一色凌雅,38,54,6.72,3,0.17,1.51.9,抜き,
多摩川,2025/11/02,11,05,1,5089,前田翔,27,22,6.60,1,0.15,.,抜き,
多摩川,2025/11/02,11,06,5,5226,藤田俊祐,31,70,6.65,5,0.18,.,抜き,
多摩川,2025/11/02,12,01,1,5088,高憧四季,52,75,6.65,1,0.09,1.47.2,逃げ,
多摩川,2025/11/02,12,02,2,4884,勝浦真帆,73,34,6.70,2,0.08,1.49.4,逃げ,
多摩川,2025/11/02,12,03,3,4611,今井美亜,36,32,6.77,3,0.11,1.51.0,逃げ,
多摩川,2025/11/02,12,04,5,4900,中田夕貴,61,63,6.70,5,0.18,1.51.3,逃げ,
多摩川,2025/11/02,12,05,6,4627,藤原菜希,25,49,6.75,6,0.25,.,逃げ,
多摩川,2025/11/02,12,06,4,4642,松尾夏海,14,36,6.74,4,0.27,.,逃げ,
桐生,2025/11/02,1,01,1,3305,小野信樹,28,44,6.78,1,0.17,1.51.1,逃げ,
桐生,2025/11/02,1,02,5,4580,長谷川雅和,66,19,6.82,5,0.23,1.52.8,逃げ,
桐生,2025/11/02,1,03,2,4317,木村紗友希,61,16,6.84,2,0.14,1.53.6,逃げ,
桐生,2025/11/02,1,04,3,4639,雑賀勇貴,20,42,6.86,3,0.16,1.55.4,逃げ,
桐生,2025/11/02,1,05,4,5362,中嶋世奈,18,36,6.73,4,0.18,1.55.9,逃げ,
桐生,2025/11/02,1,06,6,4679,植田太一,46,11,6.79,6,0.19,1.56.8,逃げ,
桐生,2025/11/02,2,01,4,2878,富山弘幸,58,25,6.84,4,0.13,1.49.7,まくり差し,
桐生,2025/11/02,2,02,2,4748,渡邉雄朗,71,48,6.69,2,0.11,1.51.8,まくり差し,
桐生,2025/11/02,2,03,6,4163,山崎裕司,19,37,6.74,5,0.18,1.53.3,まくり差し,
桐生,2025/11/02,2,04,5,5340,樋江井舞,39,46,6.71,6,0.14,1.53.4,まくり差し,
桐生,2025/11/02,2,05,3,3825,宮嵜隆太郎,69,18,6.66,3,0.09,1.55.6,まくり差し,
桐生,2025/11/02,2,06,1,3589,西村勝,31,75,6.79,1,0.16,1.57.0,まくり差し,
桐生,2025/11/02,3,01,2,4544,松田大志郎,40,29,6.65,2,0.21,1.49.5,まくり,
桐生,2025/11/02,3,02,4,3872,岡田憲行,55,30,6.65,4,0.13,1.51.9,まくり,
桐生,2025/11/02,3,03,5,4209,藤田竜弘,53,69,6.85,5,0.16,1.53.2,まくり,
桐生,2025/11/02,3,04,6,4200,早川尚人,32,39,6.80,6,0.20,1.55.0,まくり,
桐生,2025/11/02,3,05,3,4301,関裕也,64,71,6.86,3,0.17,1.55.3,まくり,
桐生,2025/11/02,3,06,1,4730,土屋実沙希,65,72,6.73,1,0.24,1.55.7,まくり,
桐生,2025/11/02,4,01,5,4809,外崎悟,12,65,6.83,5,0.21,1.50.0,まくり差し,
桐生,2025/11/02,4,02,1,5248,本田愛,36,50,6.66,1,0.30,1.51.0,まくり差し,
桐生,2025/11/02,4,03,3,5051,松本純平,35,70,6.79,3,0.22,1.51.4,まくり差し,
桐生,2025/11/02,4,04,6,3613,角谷健吾,56,51,6.72,6,0.20,1.53.3,まくり差し,
桐生,2025/11/02,4,05,4,3627,井上恵一,13,40,6.65,4,0.17,1.55.6,まくり差し,
桐生,2025/11/02,4,06,2,5156,坂野さくら,30,17,6.73,2,0.23,1.57.7,まくり差し,
桐生,2025/11/02,5,01,6,4528,黒井達矢,52,74,6.78,6,0.09,1.50.1,まくり,
桐生,2025/11/02,5,02,1,4844,村上奈穂,70,33,6.82,1,0.19,1.52.1,まくり,
桐生,2025/11/02,5,03,2,4140,梶野学志,45,52,6.89,2,0.19,1.53.0,まくり,
桐生,2025/11/02,5,04,5,5302,秋末秦悟,62,24,6.86,5,0.18,1.54.6,まくり,
桐生,2025/11/02,5,05,4,5091,為本智也,57,43,6.83,4,0.16,1.55.0,まくり,
桐生,2025/11/02,5,06,3,3305,小野信樹,28,44,6.90,3,0.15,1.57.6,まくり,
桐生,2025/11/02,6,01,1,3159,江口晃生,24,23,6.84,1,0.12,1.50.4,逃げ,
桐生,2025/11/02,6,02,4,3353,前田光昭,63,26,6.89,4,0.05,1.52.4,逃げ,
桐生,2025/11/02,6,03,3,3589,西村勝,31,75,6.72,3,0.06,1.52.8,逃げ,
桐生,2025/11/02,6,04,2,4128,川口貴久,54,73,6.82,2,0.12,1.54.7,逃げ,
桐生,2025/11/02,6,05,6,4071,古賀千晶,60,12,6.78,6,0.12,1.55.6,逃げ,
桐生,2025/11/02,6,06,5,5362,中嶋世奈,18,36,6.74,5,0.08,1.57.2,逃げ,
桐生,2025/11/02,7,01,2,4060,島田一生,49,15,6.82,3,0.15,1.50.4,まくり,
桐生,2025/11/02,7,02,5,4730,土屋実沙希,65,72,6.68,4,0.12,1.50.6,まくり,
桐生,2025/11/02,7,03,3,4888,金児隆太,25,21,6.62,2,0.16,1.51.9,まくり,
桐生,2025/11/02,7,04,6,3869,井芹大志,16,41,6.74,5,0.13,1.53.6,まくり,
桐生,2025/11/02,7,05,1,5126,山下大輝,74,22,6.70,1,0.17,1.54.1,まくり,
桐生,2025/11/02,7,06,4,5340,樋江井舞,39,46,6.79,6,0.11,1.56.0,まくり,
桐生,2025/11/02,8,01,5,3872,岡田憲行,55,30,6.73,5,0.07,1.49.2,まくり,
桐生,2025/11/02,8,02,1,4991,宗行治哉,41,32,6.73,1,0.16,1.50.4,まくり,
桐生,2025/11/02,8,03,2,5248,本田愛,36,50,6.77,2,0.15,1.52.8,まくり,
桐生,2025/11/02,8,04,3,4562,阪本勇介,11,55,6.83,3,0.13,1.54.9,まくり,
桐生,2025/11/02,8,05,6,3825,宮嵜隆太郎,69,18,6.77,6,0.14,1.55.7,まくり,
桐生,2025/11/02,8,06,4,4317,木村紗友希,61,16,6.76,4,0.19,1.57.0,まくり,
桐生,2025/11/02,9,01,1,4729,佐藤謙史朗,59,45,6.72,1,0.16,1.50.6,逃げ,
桐生,2025/11/02,9,02,4,4679,植田太一,46,11,6.84,4,0.13,1.51.8,逃げ,
桐生,2025/11/02,9,03,2,4543,重木輝彦,33,27,6.75,2,0.16,1.52.3,逃げ,
桐生,2025/11/02,9,04,3,3619,長谷川充,23,13,6.84,3,0.18,1.52.5,逃げ,
桐生,2025/11/02,9,05,5,4200,早川尚人,32,39,6.88,5,0.11,1.54.1,逃げ,
桐生,2025/11/02,9,06,6,4748,渡邉雄朗,71,48,6.79,6,0.07,1.57.4,逃げ,
桐生,2025/11/02,10,01,1,4486,野村誠,68,31,6.63,1,0.20,1.49.4,逃げ,
桐生,2025/11/02,10,02,2,4033,伊藤将吉,34,59,6.74,2,0.17,1.51.4,逃げ,
桐生,2025/11/02,10,03,4,4580,長谷川雅和,66,19,6.73,4,0.18,1.53.4,逃げ,
桐生,2025/11/02,10,04,3,3353,前田光昭,63,26,6.73,3,0.13,1.54.6,逃げ,
桐生,2025/11/02,10,05,6,3544,豊田訓靖,51,54,6.81,6,0.22,1.55.8,逃げ,
桐生,2025/11/02,10,06,5,3635,石田政吾,14,14,6.62,5,0.17,1.58.6,逃げ,
桐生,2025/11/02,11,01,1,5051,松本純平,35,70,6.75,1,0.12,1.49.2,逃げ,
桐生,2025/11/02,11,02,2,3159,江口晃生,24,23,6.85,2,0.16,1.50.2,逃げ,
桐生,2025/11/02,11,03,3,5126,山下大輝,74,22,6.69,3,0.11,1.52.0,逃げ,
桐生,2025/11/02,11,04,5,4163,山崎裕司,19,37,6.77,5,0.20,1.54.0,逃げ,
桐生,2025/11/02,11,05,4,4639,雑賀勇貴,20,42,6.78,4,0.14,1.55.4,逃げ,
桐生,2025/11/02,11,06,6,5302,秋末秦悟,62,24,6.71,6,0.14,1.56.9,逃げ,
桐生,2025/11/02,12,01,1,4544,松田大志郎,40,29,6.80,1,0.21,1.48.1,逃げ,
桐生,2025/11/02,12,02,2,4528,黒井達矢,52,74,6.70,2,0.25,1.50.2,逃げ,
桐生,2025/11/02,12,03,3,3613,角谷健吾,56,51,6.78,4,0.20,1.51.9,逃げ,
桐生,2025/11/02,12,04,5,4128,川口貴久,54,73,6.80,5,0.17,1.54.5,逃げ,
桐生,2025/11/02,12,05,4,4562,阪本勇介,11,55,6.82,6,0.22,1.55.7,逃げ,
桐生,2025/11/02,12,06,6,4888,金児隆太,25,21,6.69,3,0.29,1.57.2,逃げ,
